Sample_name,Label,Hash,nReads
012,MiFish,21e5040375a8680ea6d455b0ea28bd335ba4d12a,2125
060,MiFish,8d7903f3e6b28f135537408d184452f9b342e821,40
030,MiFish,4749db1a615838f181985acec7488b7aa94a2c5d,13
091,MiFish,461c08749136c4b89301dda77c3ad4ba3882d184,11
121,MiFish,e7cc4dbff140e97c92e5678588a8ab74bb59e259,6
046,MiFish,341e828f57c09e0257b58a77fa9175794dd3ff9e,3
052,MiFish,82de1a2969cfdda38a4962024c01a17bf1410e06,4
089,MiFish,dca6e3dfb7be64cb09f9b1938d41a9d0ea3c3781,3
121,MiFish,625e0e19cd0553fa20471d1e98a99e486cff10db,35
012,MiFish,6907c9cf745c499367b530cfaf313f0f0ebd7472,10
048,MiFish,e287ebe60cb5f18752147adaa57c66707daf567e,14
005,MiFish,853cc673da6b2b703d601d6fb8b548754f51e034,5
005,MiFish,c4c436c01ba286f5f3ce68326e23737dc8980333,4
039,MiFish,72a48f432e9e484cfd2954850c5f8d35110071cc,63
015,MiFish,cf79e0e9c5bc571901ed60ceb9d8054f763705b9,30
075,MiFish,7c40e121d6ef008129b12db8ce77e96b46157291,11
063,MiFish,7c40e121d6ef008129b12db8ce77e96b46157291,13
029,MiFish,2aa7a16a52886cb25dd3cfb95fe56dc96d809f0f,8
016,MiFish,2aa7a16a52886cb25dd3cfb95fe56dc96d809f0f,24
014,MiFish,2aa7a16a52886cb25dd3cfb95fe56dc96d809f0f,26
053,MiFish,27efaffcf1f1067d351fff760cda0de424469083,13
056,MiFish,27efaffcf1f1067d351fff760cda0de424469083,14
080,MiFish,27efaffcf1f1067d351fff760cda0de424469083,8
131,MiFish,27efaffcf1f1067d351fff760cda0de424469083,20
128,MiFish,27efaffcf1f1067d351fff760cda0de424469083,13
048,MiFish,f95072de80d0edf8579e02445893ada121b753aa,18
029,MiFish,e1a9f0a87cd792f72a27cb73dfbcd822890ac590,10
075,MiFish,e1a9f0a87cd792f72a27cb73dfbcd822890ac590,9
052,MiFish,e1a9f0a87cd792f72a27cb73dfbcd822890ac590,29
057,MiFish,465dc0bc03bd96cf4181516f7d21a030ca53ec29,15
003,MiFish,892e0faa3b642999c614b1b2257a6467ef6d3986,15
087,MiFish,892e0faa3b642999c614b1b2257a6467ef6d3986,15
103,MiFish,892e0faa3b642999c614b1b2257a6467ef6d3986,11
128,MiFish,892e0faa3b642999c614b1b2257a6467ef6d3986,13
039,MiFish,892e0faa3b642999c614b1b2257a6467ef6d3986,17
082,MiFish,7f1647d257697565ff0cf3520171b71c0eb77d98,12
039,MiFish,390fb06ea2c99b7d29490a7a59ae027294234bfa,12
016,MiFish,7aff70bda9622f2c7f57d7451060ebc2b88b0400,88
121,MiFish,ca16d821bf81e09b219efefcec4dc7f6157beea7,7
016,MiFish,2b05fa4de8855e6150039f2df40e1b4631e3d4fc,19
016,MiFish,e7dd293a71db95cd8ad6eaad6cc6ab4c3148ea45,342
080,MiFish,a82d1dea7447d2f72fd3470710e29a20f12501a3,36
052,MiFish,d87c7a186f7a7457f2d9ba32f974af5f1dd80013,77
015,MiFish,d87c7a186f7a7457f2d9ba32f974af5f1dd80013,310
055,MiFish,d87c7a186f7a7457f2d9ba32f974af5f1dd80013,201
018,MiFish,03fff27e391e67a5471ca9306980ba27068e67a9,20
016,MiFish,03fff27e391e67a5471ca9306980ba27068e67a9,76
058,MiFish,03fff27e391e67a5471ca9306980ba27068e67a9,14
080,MiFish,03fff27e391e67a5471ca9306980ba27068e67a9,26
009,MiFish,03fff27e391e67a5471ca9306980ba27068e67a9,10
014,MiFish,03fff27e391e67a5471ca9306980ba27068e67a9,11
011,MiFish,03fff27e391e67a5471ca9306980ba27068e67a9,40
001,MiFish,d08c983ae436953ee38723109aa249b2167a27e5,14
029,MiFish,f4e4bbfc5921ac9fe47b748e093eb136f6750fac,15
009,MiFish,a3342a88570571ac0fffd8804c3f3fdca7d74ec8,9
095,MiFish,a3342a88570571ac0fffd8804c3f3fdca7d74ec8,15
017,MiFish,a3342a88570571ac0fffd8804c3f3fdca7d74ec8,12
039,MiFish,a3342a88570571ac0fffd8804c3f3fdca7d74ec8,42
121,MiFish,a3342a88570571ac0fffd8804c3f3fdca7d74ec8,33
005,MiFish,1f55034a0513fa3a8115ed6d3d961d0310bd71cb,19
075,MiFish,1f55034a0513fa3a8115ed6d3d961d0310bd71cb,13
058,MiFish,1f55034a0513fa3a8115ed6d3d961d0310bd71cb,17
012,MiFish,a355245b8b528fe8343c72c5200ea74ab38f39fc,28
067,MiFish,d13481f9ba08b1f059e7361d76c8661d4f244388,40
075,MiFish,f3ed9eeaf7cc17b8dc1bc722f947e258ae6d1257,17
011,MiFish,f3ed9eeaf7cc17b8dc1bc722f947e258ae6d1257,35
075,MiFish,d99c2ae5e4bf38fb2c7afd6f0c5c108625ed01d1,15
063,MiFish,5ac8cfa5390f5d25eeebf5a762b3a58d537283f8,44
031,MiFish,b270e78263405e65efb482ee422f3d139d2d3db5,29
089,MiFish,b270e78263405e65efb482ee422f3d139d2d3db5,20
056,MiFish,b270e78263405e65efb482ee422f3d139d2d3db5,19
048,MiFish,6b28bb155e1c46d1c0aa8a38ad6302978447cd88,38
016,MiFish,6631fcf80ec84d761f6486102ae0fc754248402a,46
031,MiFish,6631fcf80ec84d761f6486102ae0fc754248402a,21
012,MiFish,6631fcf80ec84d761f6486102ae0fc754248402a,29
058,MiFish,6631fcf80ec84d761f6486102ae0fc754248402a,48
057,MiFish,0515962b988db48e41f7ad7e8f2e6cb79a1da5d3,19
027,MiFish,b273aab0628662d9f7481871abb3c26bd4affd99,19
011,MiFish,0a8c7e8958bf046ba65b8208feb8a8a7f3c96d79,29
065,MiFish,0a8c7e8958bf046ba65b8208feb8a8a7f3c96d79,12
070,MiFish,a453581f1f9633b4192b10baeee882dc08d8db8f,15
009,MiFish,a453581f1f9633b4192b10baeee882dc08d8db8f,19
080,MiFish,a453581f1f9633b4192b10baeee882dc08d8db8f,40
050,MiFish,bb9852c9086a7c33ff7b6f22471ba8648b6bd9be,17
082,MiFish,bb9852c9086a7c33ff7b6f22471ba8648b6bd9be,12
039,MiFish,a9e82f550cfb81ce3c8287bbf1f6605395920cf1,52
124,MiFish,a9e82f550cfb81ce3c8287bbf1f6605395920cf1,16
002,MiFish,a9e82f550cfb81ce3c8287bbf1f6605395920cf1,22
100,MiFish,ee8effd3a61c8b2a415dc88792fd7ca8a6920f79,30
035,MiFish,1922c29c77dc41ef5475a8431baee91bc6c05f6f,1505
025,MiFish,86da54a901740707a138473c349cef896f117a1c,2746
016,MiFish,59309486d84462893840a85fbdc4aeff89a26639,2
009,MiFish,6168b0cd07f205fce5819cc836c2579d6871de93,60
087,MiFish,6168b0cd07f205fce5819cc836c2579d6871de93,64
023,MiFish,64c44b52d311c1326676036ca71567384afb01a8,6788
028,MiFish,45df387faf439e846ea4371c60090d212d449ff5,6
046,MiFish,a22f2d13e8b9a44f4b5f9d2370c15ed23263275b,442
011,MiFish,9395453e45fd7d6a08ddc4e44d6c733556f12442,914
004,MiFish,9395453e45fd7d6a08ddc4e44d6c733556f12442,88
052,MiFish,9395453e45fd7d6a08ddc4e44d6c733556f12442,1763
077,MiFish,9395453e45fd7d6a08ddc4e44d6c733556f12442,302
016,MiFish,9395453e45fd7d6a08ddc4e44d6c733556f12442,25037
049,MiFish,9395453e45fd7d6a08ddc4e44d6c733556f12442,3134
051,MiFish,9395453e45fd7d6a08ddc4e44d6c733556f12442,3902
076,MiFish,9395453e45fd7d6a08ddc4e44d6c733556f12442,2330
069,MiFish,9395453e45fd7d6a08ddc4e44d6c733556f12442,10
046,MiFish,9395453e45fd7d6a08ddc4e44d6c733556f12442,377
017,MiFish,9395453e45fd7d6a08ddc4e44d6c733556f12442,49
118,MiFish,9395453e45fd7d6a08ddc4e44d6c733556f12442,1889
004,MiFish,0d79b933864bb85e6d085f5958fa0731ccac4f04,86
003,MiFish,1f121efc9dfb0617ac7ed44e8332a09dffcd7e40,73
080,MiFish,53aa05ab93205be68a89273527eea8c344f138d2,9
118,MiFish,f890c05925400fa5c31d090422bd25ffc1dbb2d2,49
042,MiFish,ddf5d8f01c176ab003be35dd8935dab512bf36c1,82
058,MiFish,ddf5d8f01c176ab003be35dd8935dab512bf36c1,31
016,MiFish,ddf5d8f01c176ab003be35dd8935dab512bf36c1,146
094,MiFish,ddf5d8f01c176ab003be35dd8935dab512bf36c1,42
052,MiFish,ddf5d8f01c176ab003be35dd8935dab512bf36c1,68
004,MiFish,ddf5d8f01c176ab003be35dd8935dab512bf36c1,4
123,MiFish,ddf5d8f01c176ab003be35dd8935dab512bf36c1,10
075,MiFish,ddf5d8f01c176ab003be35dd8935dab512bf36c1,47
056,MiFish,ddf5d8f01c176ab003be35dd8935dab512bf36c1,27
127,MiFish,ddf5d8f01c176ab003be35dd8935dab512bf36c1,82
052,MiFish,75bd82775db1ff8b93d7cce8b1e81935f84f8d78,167
027,MiFish,75bd82775db1ff8b93d7cce8b1e81935f84f8d78,315
131,MiFish,75bd82775db1ff8b93d7cce8b1e81935f84f8d78,524
035,MiFish,a0b136cf0c8acdc9ea6ef33ad743d03140bbd58f,521
110,MiFish,a0b136cf0c8acdc9ea6ef33ad743d03140bbd58f,10
016,MiFish,a0b136cf0c8acdc9ea6ef33ad743d03140bbd58f,567
044,MiFish,a0b136cf0c8acdc9ea6ef33ad743d03140bbd58f,19
027,MiFish,6634733d917ef2fc77dd7e1780deb0c7f70bbb54,1606
028,MiFish,6634733d917ef2fc77dd7e1780deb0c7f70bbb54,1535
121,MiFish,6634733d917ef2fc77dd7e1780deb0c7f70bbb54,109
006,MiFish,6634733d917ef2fc77dd7e1780deb0c7f70bbb54,306
128,MiFish,052d18a1a6f40077add20bb33ad60dfadcfb86fb,143
030,MiFish,052d18a1a6f40077add20bb33ad60dfadcfb86fb,49
063,MiFish,052d18a1a6f40077add20bb33ad60dfadcfb86fb,5
093,MiFish,052d18a1a6f40077add20bb33ad60dfadcfb86fb,449
009,MiFish,052d18a1a6f40077add20bb33ad60dfadcfb86fb,40
070,MiFish,052d18a1a6f40077add20bb33ad60dfadcfb86fb,294
112,MiFish,052d18a1a6f40077add20bb33ad60dfadcfb86fb,310
060,MiFish,052d18a1a6f40077add20bb33ad60dfadcfb86fb,25
001,MiFish,052d18a1a6f40077add20bb33ad60dfadcfb86fb,180
052,MiFish,052d18a1a6f40077add20bb33ad60dfadcfb86fb,96
095,MiFish,052d18a1a6f40077add20bb33ad60dfadcfb86fb,472
043,MiFish,052d18a1a6f40077add20bb33ad60dfadcfb86fb,692
084,MiFish,052d18a1a6f40077add20bb33ad60dfadcfb86fb,96
012,MiFish,e65f511d819ef32a2941c6d56d076a8616b71c25,26
045,MiFish,e65f511d819ef32a2941c6d56d076a8616b71c25,69
067,MiFish,e65f511d819ef32a2941c6d56d076a8616b71c25,34
006,MiFish,e65f511d819ef32a2941c6d56d076a8616b71c25,71
090,MiFish,e65f511d819ef32a2941c6d56d076a8616b71c25,66
067,MiFish,d6f69979e2e7c50e468fdb7a4ad00eb8296b8bf9,226
069,MiFish,d6f69979e2e7c50e468fdb7a4ad00eb8296b8bf9,81
096,MiFish,d6f69979e2e7c50e468fdb7a4ad00eb8296b8bf9,55
101,MiFish,d6f69979e2e7c50e468fdb7a4ad00eb8296b8bf9,140
011,MiFish,d6f69979e2e7c50e468fdb7a4ad00eb8296b8bf9,213
125,MiFish,d6f69979e2e7c50e468fdb7a4ad00eb8296b8bf9,586
076,MiFish,d6f69979e2e7c50e468fdb7a4ad00eb8296b8bf9,152
005,MiFish,d6f69979e2e7c50e468fdb7a4ad00eb8296b8bf9,827
123,MiFish,d6f69979e2e7c50e468fdb7a4ad00eb8296b8bf9,520
018,MiFish,d6f69979e2e7c50e468fdb7a4ad00eb8296b8bf9,1897
014,MiFish,d6f69979e2e7c50e468fdb7a4ad00eb8296b8bf9,297
107,MiFish,d6f69979e2e7c50e468fdb7a4ad00eb8296b8bf9,55
055,MiFish,d6f69979e2e7c50e468fdb7a4ad00eb8296b8bf9,211
071,MiFish,d6f69979e2e7c50e468fdb7a4ad00eb8296b8bf9,254
073,MiFish,d6f69979e2e7c50e468fdb7a4ad00eb8296b8bf9,2759
009,MiFish,d6f69979e2e7c50e468fdb7a4ad00eb8296b8bf9,451
042,MiFish,d6f69979e2e7c50e468fdb7a4ad00eb8296b8bf9,15
104,MiFish,d6f69979e2e7c50e468fdb7a4ad00eb8296b8bf9,156
124,MiFish,d6f69979e2e7c50e468fdb7a4ad00eb8296b8bf9,35
065,MiFish,d6f69979e2e7c50e468fdb7a4ad00eb8296b8bf9,94
062,MiFish,d6f69979e2e7c50e468fdb7a4ad00eb8296b8bf9,46
007,MiFish,d6f69979e2e7c50e468fdb7a4ad00eb8296b8bf9,466
021,MiFish,d6f69979e2e7c50e468fdb7a4ad00eb8296b8bf9,229
044,MiFish,d6f69979e2e7c50e468fdb7a4ad00eb8296b8bf9,552
031,MiFish,d6f69979e2e7c50e468fdb7a4ad00eb8296b8bf9,100
116,MiFish,d6f69979e2e7c50e468fdb7a4ad00eb8296b8bf9,14
088,MiFish,d6f69979e2e7c50e468fdb7a4ad00eb8296b8bf9,1944
006,MiFish,d6f69979e2e7c50e468fdb7a4ad00eb8296b8bf9,791
110,MiFish,d6f69979e2e7c50e468fdb7a4ad00eb8296b8bf9,324
077,MiFish,d6f69979e2e7c50e468fdb7a4ad00eb8296b8bf9,78
058,MiFish,d6f69979e2e7c50e468fdb7a4ad00eb8296b8bf9,1584
080,MiFish,d6f69979e2e7c50e468fdb7a4ad00eb8296b8bf9,138
043,MiFish,d6f69979e2e7c50e468fdb7a4ad00eb8296b8bf9,669
061,MiFish,d6f69979e2e7c50e468fdb7a4ad00eb8296b8bf9,417
079,MiFish,d6f69979e2e7c50e468fdb7a4ad00eb8296b8bf9,526
094,MiFish,d6f69979e2e7c50e468fdb7a4ad00eb8296b8bf9,438
041,MiFish,d6f69979e2e7c50e468fdb7a4ad00eb8296b8bf9,2355
012,MiFish,d6f69979e2e7c50e468fdb7a4ad00eb8296b8bf9,336
010,MiFish,d6f69979e2e7c50e468fdb7a4ad00eb8296b8bf9,651
093,MiFish,d6f69979e2e7c50e468fdb7a4ad00eb8296b8bf9,879
075,MiFish,d6f69979e2e7c50e468fdb7a4ad00eb8296b8bf9,389
114,MiFish,d6f69979e2e7c50e468fdb7a4ad00eb8296b8bf9,733
003,MiFish,d6f69979e2e7c50e468fdb7a4ad00eb8296b8bf9,65
082,MiFish,d6f69979e2e7c50e468fdb7a4ad00eb8296b8bf9,1424
108,MiFish,d6f69979e2e7c50e468fdb7a4ad00eb8296b8bf9,1065
128,MiFish,d6f69979e2e7c50e468fdb7a4ad00eb8296b8bf9,172
057,MiFish,d6f69979e2e7c50e468fdb7a4ad00eb8296b8bf9,132
095,MiFish,d6f69979e2e7c50e468fdb7a4ad00eb8296b8bf9,48
117,MiFish,d6f69979e2e7c50e468fdb7a4ad00eb8296b8bf9,14
004,MiFish,d6f69979e2e7c50e468fdb7a4ad00eb8296b8bf9,182
038,MiFish,d6f69979e2e7c50e468fdb7a4ad00eb8296b8bf9,7
099,MiFish,d6f69979e2e7c50e468fdb7a4ad00eb8296b8bf9,101
053,MiFish,d6f69979e2e7c50e468fdb7a4ad00eb8296b8bf9,235
086,MiFish,d6f69979e2e7c50e468fdb7a4ad00eb8296b8bf9,927
048,MiFish,d6f69979e2e7c50e468fdb7a4ad00eb8296b8bf9,12
015,MiFish,d6f69979e2e7c50e468fdb7a4ad00eb8296b8bf9,617
132,MiFish,d6f69979e2e7c50e468fdb7a4ad00eb8296b8bf9,464
029,MiFish,d6f69979e2e7c50e468fdb7a4ad00eb8296b8bf9,340
072,MiFish,d6f69979e2e7c50e468fdb7a4ad00eb8296b8bf9,3
103,MiFish,d6f69979e2e7c50e468fdb7a4ad00eb8296b8bf9,207
056,MiFish,d6f69979e2e7c50e468fdb7a4ad00eb8296b8bf9,3250
046,MiFish,d6f69979e2e7c50e468fdb7a4ad00eb8296b8bf9,24
052,MiFish,d6f69979e2e7c50e468fdb7a4ad00eb8296b8bf9,438
090,MiFish,d6f69979e2e7c50e468fdb7a4ad00eb8296b8bf9,463
008,MiFish,d6f69979e2e7c50e468fdb7a4ad00eb8296b8bf9,2
051,MiFish,d6f69979e2e7c50e468fdb7a4ad00eb8296b8bf9,307
013,MiFish,d6f69979e2e7c50e468fdb7a4ad00eb8296b8bf9,147
064,MiFish,d6f69979e2e7c50e468fdb7a4ad00eb8296b8bf9,55
016,MiFish,d6f69979e2e7c50e468fdb7a4ad00eb8296b8bf9,12068
100,MiFish,d6f69979e2e7c50e468fdb7a4ad00eb8296b8bf9,264
084,MiFish,d6f69979e2e7c50e468fdb7a4ad00eb8296b8bf9,68
105,MiFish,d6f69979e2e7c50e468fdb7a4ad00eb8296b8bf9,5
047,MiFish,d6f69979e2e7c50e468fdb7a4ad00eb8296b8bf9,4041
102,MiFish,d6f69979e2e7c50e468fdb7a4ad00eb8296b8bf9,491
122,MiFish,d6f69979e2e7c50e468fdb7a4ad00eb8296b8bf9,1196
035,MiFish,d6f69979e2e7c50e468fdb7a4ad00eb8296b8bf9,8
129,MiFish,d6f69979e2e7c50e468fdb7a4ad00eb8296b8bf9,2359
085,MiFish,d6f69979e2e7c50e468fdb7a4ad00eb8296b8bf9,29
034,MiFish,d6f69979e2e7c50e468fdb7a4ad00eb8296b8bf9,3088
113,MiFish,d6f69979e2e7c50e468fdb7a4ad00eb8296b8bf9,215
121,MiFish,d6f69979e2e7c50e468fdb7a4ad00eb8296b8bf9,538
118,MiFish,d6f69979e2e7c50e468fdb7a4ad00eb8296b8bf9,507
002,MiFish,d6f69979e2e7c50e468fdb7a4ad00eb8296b8bf9,41
078,MiFish,d6f69979e2e7c50e468fdb7a4ad00eb8296b8bf9,372
131,MiFish,d6f69979e2e7c50e468fdb7a4ad00eb8296b8bf9,612
033,MiFish,d6f69979e2e7c50e468fdb7a4ad00eb8296b8bf9,1341
037,MiFish,d6f69979e2e7c50e468fdb7a4ad00eb8296b8bf9,60
134,MiFish,d6f69979e2e7c50e468fdb7a4ad00eb8296b8bf9,331
054,MiFish,d6f69979e2e7c50e468fdb7a4ad00eb8296b8bf9,2152
089,MiFish,d6f69979e2e7c50e468fdb7a4ad00eb8296b8bf9,80
045,MiFish,d6f69979e2e7c50e468fdb7a4ad00eb8296b8bf9,1823
028,MiFish,d6f69979e2e7c50e468fdb7a4ad00eb8296b8bf9,32
087,MiFish,d6f69979e2e7c50e468fdb7a4ad00eb8296b8bf9,563
083,MiFish,d6f69979e2e7c50e468fdb7a4ad00eb8296b8bf9,277
017,MiFish,d6f69979e2e7c50e468fdb7a4ad00eb8296b8bf9,283
057,MiFish,ded861116231893e954603362542d98d7d0cdc7f,139
039,MiFish,ded861116231893e954603362542d98d7d0cdc7f,10
054,MiFish,2c3826cc61e3a0a0bd977888551b19b77a34b9e9,56
056,MiFish,fa65daba1e94d3eea62ec8f7939f85e909ba4a40,37
017,MiFish,d0443eaf874b07f108fffb9356f9e2ac265eab31,46
001,MiFish,5b0bb764101ccfeb5228e44218865ac2f2a5d4be,299
129,MiFish,5b0bb764101ccfeb5228e44218865ac2f2a5d4be,220
128,MiFish,5b0bb764101ccfeb5228e44218865ac2f2a5d4be,157
006,MiFish,5b0bb764101ccfeb5228e44218865ac2f2a5d4be,26
078,MiFish,5b0bb764101ccfeb5228e44218865ac2f2a5d4be,5
077,MiFish,5b0bb764101ccfeb5228e44218865ac2f2a5d4be,5
005,MiFish,5b0bb764101ccfeb5228e44218865ac2f2a5d4be,5026
082,MiFish,5b0bb764101ccfeb5228e44218865ac2f2a5d4be,17
127,MiFish,5b0bb764101ccfeb5228e44218865ac2f2a5d4be,66
076,MiFish,5b0bb764101ccfeb5228e44218865ac2f2a5d4be,6
072,MiFish,5b0bb764101ccfeb5228e44218865ac2f2a5d4be,309
051,MiFish,5b0bb764101ccfeb5228e44218865ac2f2a5d4be,119
117,MiFish,5b0bb764101ccfeb5228e44218865ac2f2a5d4be,6
133,MiFish,5b0bb764101ccfeb5228e44218865ac2f2a5d4be,1112
122,MiFish,5b0bb764101ccfeb5228e44218865ac2f2a5d4be,495
052,MiFish,5b0bb764101ccfeb5228e44218865ac2f2a5d4be,633
075,MiFish,5b0bb764101ccfeb5228e44218865ac2f2a5d4be,135
007,MiFish,5b0bb764101ccfeb5228e44218865ac2f2a5d4be,875
033,MiFish,5b0bb764101ccfeb5228e44218865ac2f2a5d4be,718
131,MiFish,5b0bb764101ccfeb5228e44218865ac2f2a5d4be,52
080,MiFish,5b0bb764101ccfeb5228e44218865ac2f2a5d4be,356
081,MiFish,5b0bb764101ccfeb5228e44218865ac2f2a5d4be,663
084,MiFish,5b0bb764101ccfeb5228e44218865ac2f2a5d4be,836
002,MiFish,5b0bb764101ccfeb5228e44218865ac2f2a5d4be,1006
110,MiFish,d665a22273eb050425814dad353904c8b09a1f31,81
123,MiFish,ed5e7e50aa64ed93aa7bb93f60e0d0ec95dd2cab,315
083,MiFish,da83c719cc06209b92f6b2c6a335a055a2db77cf,136
101,MiFish,da83c719cc06209b92f6b2c6a335a055a2db77cf,46
003,MiFish,da83c719cc06209b92f6b2c6a335a055a2db77cf,14
072,MiFish,da83c719cc06209b92f6b2c6a335a055a2db77cf,162
017,MiFish,da83c719cc06209b92f6b2c6a335a055a2db77cf,31
102,MiFish,da83c719cc06209b92f6b2c6a335a055a2db77cf,138
103,MiFish,da83c719cc06209b92f6b2c6a335a055a2db77cf,43
016,MiFish,da83c719cc06209b92f6b2c6a335a055a2db77cf,167136
095,MiFish,da83c719cc06209b92f6b2c6a335a055a2db77cf,55
110,MiFish,d1463558602bbd84bea02961a12237b821b43668,82
056,MiFish,9824dfa57536ebe9140fa5396bd8f99b6114a8f0,1192
017,MiFish,c6d586dc78d8ef5cac238cba2d5714407775bd69,1239
087,MiFish,c6d586dc78d8ef5cac238cba2d5714407775bd69,1714
083,MiFish,c6d586dc78d8ef5cac238cba2d5714407775bd69,400
128,MiFish,c6d586dc78d8ef5cac238cba2d5714407775bd69,453
003,MiFish,c6d586dc78d8ef5cac238cba2d5714407775bd69,1150
004,MiFish,c6d586dc78d8ef5cac238cba2d5714407775bd69,627
090,MiFish,c6d586dc78d8ef5cac238cba2d5714407775bd69,594
133,MiFish,c6d586dc78d8ef5cac238cba2d5714407775bd69,3539
088,MiFish,c6d586dc78d8ef5cac238cba2d5714407775bd69,1454
100,MiFish,c6d586dc78d8ef5cac238cba2d5714407775bd69,420
102,MiFish,c6d586dc78d8ef5cac238cba2d5714407775bd69,571
110,MiFish,c6d586dc78d8ef5cac238cba2d5714407775bd69,451
096,MiFish,c6d586dc78d8ef5cac238cba2d5714407775bd69,249
030,MiFish,c6d586dc78d8ef5cac238cba2d5714407775bd69,2839
130,MiFish,c6d586dc78d8ef5cac238cba2d5714407775bd69,1454
071,MiFish,c6d586dc78d8ef5cac238cba2d5714407775bd69,488
080,MiFish,c6d586dc78d8ef5cac238cba2d5714407775bd69,4190
091,MiFish,c6d586dc78d8ef5cac238cba2d5714407775bd69,1633
095,MiFish,c6d586dc78d8ef5cac238cba2d5714407775bd69,2220
070,MiFish,c6d586dc78d8ef5cac238cba2d5714407775bd69,257
066,MiFish,c6d586dc78d8ef5cac238cba2d5714407775bd69,8
079,MiFish,c6d586dc78d8ef5cac238cba2d5714407775bd69,671
046,MiFish,c6d586dc78d8ef5cac238cba2d5714407775bd69,488
009,MiFish,c6d586dc78d8ef5cac238cba2d5714407775bd69,1051
103,MiFish,c6d586dc78d8ef5cac238cba2d5714407775bd69,111
078,MiFish,c6d586dc78d8ef5cac238cba2d5714407775bd69,1251
101,MiFish,c6d586dc78d8ef5cac238cba2d5714407775bd69,602
018,MiFish,c6d586dc78d8ef5cac238cba2d5714407775bd69,1688
011,MiFish,c6d586dc78d8ef5cac238cba2d5714407775bd69,332
069,MiFish,c6d586dc78d8ef5cac238cba2d5714407775bd69,377
094,MiFish,c6d586dc78d8ef5cac238cba2d5714407775bd69,1186
072,MiFish,c6d586dc78d8ef5cac238cba2d5714407775bd69,289
016,MiFish,be342a5a96ee2efd032c7550d640617f887d4c37,993
118,MiFish,7dae49817fac3bd37bd1ab61e10a98b36513016b,174
055,MiFish,552f7ec9297f038ded895bef6caf81c00fc55bf1,847
090,MiFish,edc3e9180a4b9e9bb6bd94c33ba717f97dba326e,446
052,MiFish,edc3e9180a4b9e9bb6bd94c33ba717f97dba326e,255
097,MiFish,64d2b45fdc47fbe1c16005eacb811bf1455f1058,56
100,MiFish,df83221e8a3cc1fda4e41992350a5bcebfb31925,70
128,MiFish,c0e9425a52344086877665cfacdff1c424d83a09,57
132,MiFish,6e90bec51eac173c6ce77eba4da3778a148f2603,449
003,MiFish,e9a4531f5c1bc781414ef8fc447cac210f1920b6,67
110,MiFish,66e95f60970061f7415575f9bfc33eba84873ce3,74
001,MiFish,ebce27be0764d46efb8242705e7c86bdb86f1434,2150
018,MiFish,ebce27be0764d46efb8242705e7c86bdb86f1434,291
094,MiFish,83b8c98f6e2232d211177a1217ecafc668ea2199,80
087,MiFish,3fdf5da8b392958e5974f81cc8af778e7bee0701,57
071,MiFish,c9a702e7c18dc956f9f5e8e8af023dbc3075a886,30
071,MiFish,3a37ccb6bc8e2019307936639c0124d66a9605dd,21
011,MiFish,996c8a2af89ac755fca05c49c21cdefd48eb3f85,490
083,MiFish,c0201f21d30a6f2e4f375a70eec5cf2d5c2632b9,367
087,MiFish,c0201f21d30a6f2e4f375a70eec5cf2d5c2632b9,114
100,MiFish,c0201f21d30a6f2e4f375a70eec5cf2d5c2632b9,130
009,MiFish,c0201f21d30a6f2e4f375a70eec5cf2d5c2632b9,91
122,MiFish,c0201f21d30a6f2e4f375a70eec5cf2d5c2632b9,3939
004,MiFish,77745c3dac7753e1b966707192527d7a1f461bd5,41
004,MiFish,b3c06237cbe75ec62cf4bbbfe2b152192e412b2b,65
101,MiFish,a065d35f53c8e46346f4e88bfca5498dbdcd0dde,75
016,MiFish,7304d402aefb31b65b384723605241eea37717b6,7318
018,MiFish,08628cfcef696aba773e193e770e442ebe0f3246,344
104,MiFish,53abe4a378b78b6b057b2dfcb1ab2257b3043b58,1641
085,MiFish,7fa89c9553d43c8239dbcf8630a951e60e148435,9
105,MiFish,7fa89c9553d43c8239dbcf8630a951e60e148435,6
087,MiFish,8bec9651f9b6d549db2f312e93b4661d5d3c9995,3701
016,MiFish,8bec9651f9b6d549db2f312e93b4661d5d3c9995,21630
066,MiFish,8bec9651f9b6d549db2f312e93b4661d5d3c9995,109
076,MiFish,8bec9651f9b6d549db2f312e93b4661d5d3c9995,3948
083,MiFish,8bec9651f9b6d549db2f312e93b4661d5d3c9995,1477
040,MiFish,8bec9651f9b6d549db2f312e93b4661d5d3c9995,2905
102,MiFish,8bec9651f9b6d549db2f312e93b4661d5d3c9995,1393
055,MiFish,8bec9651f9b6d549db2f312e93b4661d5d3c9995,467
065,MiFish,8bec9651f9b6d549db2f312e93b4661d5d3c9995,1952
007,MiFish,8bec9651f9b6d549db2f312e93b4661d5d3c9995,4885
080,MiFish,8bec9651f9b6d549db2f312e93b4661d5d3c9995,8472
075,MiFish,8bec9651f9b6d549db2f312e93b4661d5d3c9995,756
070,MiFish,8bec9651f9b6d549db2f312e93b4661d5d3c9995,1743
044,MiFish,8bec9651f9b6d549db2f312e93b4661d5d3c9995,2191
124,MiFish,8bec9651f9b6d549db2f312e93b4661d5d3c9995,1674
036,MiFish,8bec9651f9b6d549db2f312e93b4661d5d3c9995,1341
017,MiFish,8bec9651f9b6d549db2f312e93b4661d5d3c9995,2199
088,MiFish,8bec9651f9b6d549db2f312e93b4661d5d3c9995,2514
014,MiFish,8bec9651f9b6d549db2f312e93b4661d5d3c9995,2239
107,MiFish,8bec9651f9b6d549db2f312e93b4661d5d3c9995,1823
060,MiFish,8bec9651f9b6d549db2f312e93b4661d5d3c9995,1333
073,MiFish,8bec9651f9b6d549db2f312e93b4661d5d3c9995,13553
072,MiFish,8bec9651f9b6d549db2f312e93b4661d5d3c9995,707
084,MiFish,8bec9651f9b6d549db2f312e93b4661d5d3c9995,9517
134,MiFish,8bec9651f9b6d549db2f312e93b4661d5d3c9995,1865
045,MiFish,8bec9651f9b6d549db2f312e93b4661d5d3c9995,4135
085,MiFish,8bec9651f9b6d549db2f312e93b4661d5d3c9995,7494
113,MiFish,8bec9651f9b6d549db2f312e93b4661d5d3c9995,1727
030,MiFish,8bec9651f9b6d549db2f312e93b4661d5d3c9995,5658
079,MiFish,8bec9651f9b6d549db2f312e93b4661d5d3c9995,1590
010,MiFish,8bec9651f9b6d549db2f312e93b4661d5d3c9995,1922
006,MiFish,8bec9651f9b6d549db2f312e93b4661d5d3c9995,3699
086,MiFish,8bec9651f9b6d549db2f312e93b4661d5d3c9995,774
011,MiFish,8bec9651f9b6d549db2f312e93b4661d5d3c9995,3201
029,MiFish,8bec9651f9b6d549db2f312e93b4661d5d3c9995,1975
004,MiFish,8bec9651f9b6d549db2f312e93b4661d5d3c9995,2181
035,MiFish,8bec9651f9b6d549db2f312e93b4661d5d3c9995,5823
094,MiFish,8bec9651f9b6d549db2f312e93b4661d5d3c9995,2817
071,MiFish,8bec9651f9b6d549db2f312e93b4661d5d3c9995,989
077,MiFish,8bec9651f9b6d549db2f312e93b4661d5d3c9995,1035
057,MiFish,8bec9651f9b6d549db2f312e93b4661d5d3c9995,1453
046,MiFish,8bec9651f9b6d549db2f312e93b4661d5d3c9995,1063
009,MiFish,8bec9651f9b6d549db2f312e93b4661d5d3c9995,2764
003,MiFish,8bec9651f9b6d549db2f312e93b4661d5d3c9995,2216
096,MiFish,8bec9651f9b6d549db2f312e93b4661d5d3c9995,477
132,MiFish,8bec9651f9b6d549db2f312e93b4661d5d3c9995,3485
103,MiFish,8bec9651f9b6d549db2f312e93b4661d5d3c9995,1499
018,MiFish,8bec9651f9b6d549db2f312e93b4661d5d3c9995,11337
067,MiFish,8bec9651f9b6d549db2f312e93b4661d5d3c9995,61
025,MiFish,8bec9651f9b6d549db2f312e93b4661d5d3c9995,12853
095,MiFish,8bec9651f9b6d549db2f312e93b4661d5d3c9995,4061
097,MiFish,8bec9651f9b6d549db2f312e93b4661d5d3c9995,7
101,MiFish,8bec9651f9b6d549db2f312e93b4661d5d3c9995,1336
116,MiFish,8bec9651f9b6d549db2f312e93b4661d5d3c9995,603
117,MiFish,8bec9651f9b6d549db2f312e93b4661d5d3c9995,7620
078,MiFish,8bec9651f9b6d549db2f312e93b4661d5d3c9995,1937
090,MiFish,8bec9651f9b6d549db2f312e93b4661d5d3c9995,1887
069,MiFish,8bec9651f9b6d549db2f312e93b4661d5d3c9995,1319
118,MiFish,8bec9651f9b6d549db2f312e93b4661d5d3c9995,1143
054,MiFish,8bec9651f9b6d549db2f312e93b4661d5d3c9995,6112
058,MiFish,8bec9651f9b6d549db2f312e93b4661d5d3c9995,1357
034,MiFish,8bec9651f9b6d549db2f312e93b4661d5d3c9995,4682
130,MiFish,8bec9651f9b6d549db2f312e93b4661d5d3c9995,850
110,MiFish,8bec9651f9b6d549db2f312e93b4661d5d3c9995,422
032,MiFish,8bec9651f9b6d549db2f312e93b4661d5d3c9995,2317
091,MiFish,8bec9651f9b6d549db2f312e93b4661d5d3c9995,2571
105,MiFish,8bec9651f9b6d549db2f312e93b4661d5d3c9995,8913
081,MiFish,8bec9651f9b6d549db2f312e93b4661d5d3c9995,6148
128,MiFish,8bec9651f9b6d549db2f312e93b4661d5d3c9995,1207
033,MiFish,8bec9651f9b6d549db2f312e93b4661d5d3c9995,6545
052,MiFish,8bec9651f9b6d549db2f312e93b4661d5d3c9995,284
100,MiFish,8bec9651f9b6d549db2f312e93b4661d5d3c9995,1469
009,MiFish,98637f77f6aa8394536b7d57b750cbaf529a49db,178
110,MiFish,98637f77f6aa8394536b7d57b750cbaf529a49db,70
130,MiFish,bd333f012d9e109ba9c9b02d3ae290d506844033,833
100,MiFish,2de832f7e182c606ad107f0d4dc1f17fc858ce1a,101
132,MiFish,2de832f7e182c606ad107f0d4dc1f17fc858ce1a,613
080,MiFish,79eb1ef788904ced2aa3b96ae2a6f82c3eaa541b,357
079,MiFish,0856b8defbd9b2aedb127ed471ade455138b218f,177
102,MiFish,c912c9ce78bda6474eae2feaa1e13feb690da738,55
100,MiFish,1e774ff94a62a811cc2d58c1adf72ff795c22e8e,60
016,MiFish,dbb79616caf4b0ba157d2cb73733540f6778e862,7665
017,MiFish,23dfee7ee8a4b6cf4abda705992ead15766904c3,72
088,MiFish,e59ce2a89d683bb37756aa6bd362d0a68a7bbb13,281
087,MiFish,e386b7f484f434a88e95cc90347cad16cf40995c,71
034,MiFish,ab9ef96b6f7898b85421a37cb7fc5e3143a6834b,260
134,MiFish,79362f0f2d1fe06f7732197871c73dab8cd1c61f,2756
130,MiFish,bad5dbbaa51e60c82c835777768a7e4556c6c727,800
134,MiFish,cd390d01b1703ed1d5b76b4170629385797bd4f8,4532
078,MiFish,1e736626de95541e4fed3f5d4a3e9fe474f48266,218
110,MiFish,4fe559c1941f74bc30b2d287d6c946277f3778aa,89
110,MiFish,390df26769fdb21f1f4aea86876d05771bf63194,92
080,MiFish,a136d57fab61eb878ffeb64ef561e300e25ad688,316
060,MiFish,005eeb8cba86fbb002980bcd7711fd943a897bd3,443
100,MiFish,3da69409a2ece559b55299c61dbf4b03b0cb5cec,40
010,MiFish,23e5fbcf45d420cccffbe8f8f3bd0d008208f051,226
110,MiFish,8d8e1b91860ccdf81a424231db0b012546cd2c40,93
001,MiFish,34a9f92da6382d76b60976f12802e564a47b5fd1,160
021,MiFish,34a9f92da6382d76b60976f12802e564a47b5fd1,6723
122,MiFish,34a9f92da6382d76b60976f12802e564a47b5fd1,52
017,MiFish,3678e2c8ac38128f234880ca5aa9a981a138815b,50
087,MiFish,f758a446eaf13a18017fe92cd684e8b7bbc4ebc5,79
017,MiFish,f758a446eaf13a18017fe92cd684e8b7bbc4ebc5,52
103,MiFish,c565ebaf92c165baae2fa4711e7e4d3993c047a8,55
018,MiFish,39712edb574288b557e6d09e0d423c81efd928db,227
011,MiFish,f08b2148e855756ebe520e414d7734b43f8a161e,496
095,MiFish,4fdea4318c3a9f5157a22084754b3a6bd9946fac,183
017,MiFish,4fdea4318c3a9f5157a22084754b3a6bd9946fac,73
018,MiFish,4fdea4318c3a9f5157a22084754b3a6bd9946fac,304
103,MiFish,4fdea4318c3a9f5157a22084754b3a6bd9946fac,51
009,MiFish,4fdea4318c3a9f5157a22084754b3a6bd9946fac,184
122,MiFish,4fdea4318c3a9f5157a22084754b3a6bd9946fac,3918
004,MiFish,4fdea4318c3a9f5157a22084754b3a6bd9946fac,53
075,MiFish,4fdea4318c3a9f5157a22084754b3a6bd9946fac,378
052,MiFish,de0389582e9584bad9ab70b7f8d4a98a7c3a553c,201
055,MiFish,de0389582e9584bad9ab70b7f8d4a98a7c3a553c,415
075,MiFish,45af5506e6b98256846bea7d4036e6d56bd292d4,376
126,MiFish,9751315cf191768b2aab899f246f1a163f05e26f,3
019,MiFish,9751315cf191768b2aab899f246f1a163f05e26f,4055
092,MiFish,9751315cf191768b2aab899f246f1a163f05e26f,591
118,MiFish,2810641abefdca6269b05a362415ee4792f4576d,1030
080,MiFish,2810641abefdca6269b05a362415ee4792f4576d,922
124,MiFish,2810641abefdca6269b05a362415ee4792f4576d,6382
040,MiFish,2810641abefdca6269b05a362415ee4792f4576d,250
131,MiFish,2810641abefdca6269b05a362415ee4792f4576d,5389
009,MiFish,2810641abefdca6269b05a362415ee4792f4576d,66
107,MiFish,2810641abefdca6269b05a362415ee4792f4576d,1606
120,MiFish,2810641abefdca6269b05a362415ee4792f4576d,5004
087,MiFish,2810641abefdca6269b05a362415ee4792f4576d,505
110,MiFish,2810641abefdca6269b05a362415ee4792f4576d,205
102,MiFish,2810641abefdca6269b05a362415ee4792f4576d,67
127,MiFish,2810641abefdca6269b05a362415ee4792f4576d,2721
003,MiFish,2810641abefdca6269b05a362415ee4792f4576d,89
103,MiFish,2810641abefdca6269b05a362415ee4792f4576d,293
001,MiFish,2810641abefdca6269b05a362415ee4792f4576d,7841
072,MiFish,2810641abefdca6269b05a362415ee4792f4576d,494
019,MiFish,2810641abefdca6269b05a362415ee4792f4576d,3743
069,MiFish,2810641abefdca6269b05a362415ee4792f4576d,12
035,MiFish,2810641abefdca6269b05a362415ee4792f4576d,5017
135,MiFish,2810641abefdca6269b05a362415ee4792f4576d,8358
100,MiFish,2810641abefdca6269b05a362415ee4792f4576d,420
007,MiFish,2810641abefdca6269b05a362415ee4792f4576d,2401
018,MiFish,2810641abefdca6269b05a362415ee4792f4576d,479
008,MiFish,2810641abefdca6269b05a362415ee4792f4576d,4525
010,MiFish,2810641abefdca6269b05a362415ee4792f4576d,834
083,MiFish,2810641abefdca6269b05a362415ee4792f4576d,255
097,MiFish,2810641abefdca6269b05a362415ee4792f4576d,2705
094,MiFish,a2d847e79be166fa608035ea92e12c447548ff69,202
004,MiFish,189e34ea4d27eb0cd8a3cd5eaae4b8e8d51c3890,63
091,MiFish,b3c868ed6e9efaecc8b43d047979bb9621296b30,112
057,MiFish,05ddae1c46805f50d183804f3283a2e0cf27fda6,740
101,MiFish,05ddae1c46805f50d183804f3283a2e0cf27fda6,479
128,MiFish,05ddae1c46805f50d183804f3283a2e0cf27fda6,698
124,MiFish,05ddae1c46805f50d183804f3283a2e0cf27fda6,2475
110,MiFish,05ddae1c46805f50d183804f3283a2e0cf27fda6,114
103,MiFish,05ddae1c46805f50d183804f3283a2e0cf27fda6,577
008,MiFish,05ddae1c46805f50d183804f3283a2e0cf27fda6,625
116,MiFish,05ddae1c46805f50d183804f3283a2e0cf27fda6,211
094,MiFish,05ddae1c46805f50d183804f3283a2e0cf27fda6,2111
080,MiFish,05ddae1c46805f50d183804f3283a2e0cf27fda6,5677
100,MiFish,05ddae1c46805f50d183804f3283a2e0cf27fda6,984
044,MiFish,05ddae1c46805f50d183804f3283a2e0cf27fda6,2390
030,MiFish,05ddae1c46805f50d183804f3283a2e0cf27fda6,2674
095,MiFish,05ddae1c46805f50d183804f3283a2e0cf27fda6,2380
009,MiFish,05ddae1c46805f50d183804f3283a2e0cf27fda6,1589
003,MiFish,05ddae1c46805f50d183804f3283a2e0cf27fda6,1575
071,MiFish,05ddae1c46805f50d183804f3283a2e0cf27fda6,493
090,MiFish,05ddae1c46805f50d183804f3283a2e0cf27fda6,730
102,MiFish,05ddae1c46805f50d183804f3283a2e0cf27fda6,938
083,MiFish,05ddae1c46805f50d183804f3283a2e0cf27fda6,1924
070,MiFish,05ddae1c46805f50d183804f3283a2e0cf27fda6,1143
077,MiFish,05ddae1c46805f50d183804f3283a2e0cf27fda6,544
096,MiFish,05ddae1c46805f50d183804f3283a2e0cf27fda6,316
018,MiFish,05ddae1c46805f50d183804f3283a2e0cf27fda6,5144
073,MiFish,05ddae1c46805f50d183804f3283a2e0cf27fda6,3696
072,MiFish,05ddae1c46805f50d183804f3283a2e0cf27fda6,382
087,MiFish,05ddae1c46805f50d183804f3283a2e0cf27fda6,2630
091,MiFish,05ddae1c46805f50d183804f3283a2e0cf27fda6,1898
034,MiFish,05ddae1c46805f50d183804f3283a2e0cf27fda6,1165
046,MiFish,05ddae1c46805f50d183804f3283a2e0cf27fda6,1124
017,MiFish,05ddae1c46805f50d183804f3283a2e0cf27fda6,899
010,MiFish,05ddae1c46805f50d183804f3283a2e0cf27fda6,425
004,MiFish,05ddae1c46805f50d183804f3283a2e0cf27fda6,1442
055,MiFish,05ddae1c46805f50d183804f3283a2e0cf27fda6,831
078,MiFish,05ddae1c46805f50d183804f3283a2e0cf27fda6,802
079,MiFish,05ddae1c46805f50d183804f3283a2e0cf27fda6,615
040,MiFish,05ddae1c46805f50d183804f3283a2e0cf27fda6,832
066,MiFish,05ddae1c46805f50d183804f3283a2e0cf27fda6,75
069,MiFish,05ddae1c46805f50d183804f3283a2e0cf27fda6,774
088,MiFish,05ddae1c46805f50d183804f3283a2e0cf27fda6,1946
036,MiFish,05ddae1c46805f50d183804f3283a2e0cf27fda6,4907
045,MiFish,05ddae1c46805f50d183804f3283a2e0cf27fda6,2060
080,MiFish,4971653802a99c8e9dab7b641d646e16f6c29519,132
108,MiFish,870a34750e024a0d662e42fa06cf00c311f56651,1318
017,MiFish,d5e1593c80a50b95099aa472cd54951d07c37955,34
055,MiFish,e2f3259975d857a1a3a49e621449599c79331989,514
056,MiFish,e2f3259975d857a1a3a49e621449599c79331989,714
056,MiFish,b93490b2ac441a667cbba50bfa5c9efc75af368f,1096
055,MiFish,b93490b2ac441a667cbba50bfa5c9efc75af368f,91
009,MiFish,b93490b2ac441a667cbba50bfa5c9efc75af368f,49
013,MiFish,049e21d32ed52dbd0d4c32641ba37bd0606f0234,504
013,MiFish,3b09ebdb9bb6fef2545396a4b9b2459d6356340e,306
079,MiFish,3b09ebdb9bb6fef2545396a4b9b2459d6356340e,157
113,MiFish,25e795a200305a9626301779541cc1934ba03e64,445
052,MiFish,1b8e9c6416b913e1426f7146725397d8a33f1cb8,110
027,MiFish,1b8e9c6416b913e1426f7146725397d8a33f1cb8,1811
110,MiFish,1b8e9c6416b913e1426f7146725397d8a33f1cb8,146
132,MiFish,1b8e9c6416b913e1426f7146725397d8a33f1cb8,1190
127,MiFish,1b8e9c6416b913e1426f7146725397d8a33f1cb8,85
128,MiFish,1b8e9c6416b913e1426f7146725397d8a33f1cb8,539
067,MiFish,1b8e9c6416b913e1426f7146725397d8a33f1cb8,71
106,MiFish,1b8e9c6416b913e1426f7146725397d8a33f1cb8,1532
080,MiFish,1b8e9c6416b913e1426f7146725397d8a33f1cb8,144
012,MiFish,1b8e9c6416b913e1426f7146725397d8a33f1cb8,1060
056,MiFish,1b8e9c6416b913e1426f7146725397d8a33f1cb8,27
060,MiFish,1b8e9c6416b913e1426f7146725397d8a33f1cb8,534
035,MiFish,3fc1e68ecfd8848f79efc3f311951ede391fabc3,744
077,MiFish,3fc1e68ecfd8848f79efc3f311951ede391fabc3,107
087,MiFish,3fc1e68ecfd8848f79efc3f311951ede391fabc3,153
103,MiFish,3fc1e68ecfd8848f79efc3f311951ede391fabc3,55
095,MiFish,a81e00e9cb762ea9daf4240299aa1149003f08e7,71
110,MiFish,a81e00e9cb762ea9daf4240299aa1149003f08e7,123
055,MiFish,a81e00e9cb762ea9daf4240299aa1149003f08e7,402
018,MiFish,c93cf632b26bd1512c4058fbad8ef8d42e575ae5,707
083,MiFish,c93cf632b26bd1512c4058fbad8ef8d42e575ae5,191
017,MiFish,c93cf632b26bd1512c4058fbad8ef8d42e575ae5,46
069,MiFish,c93cf632b26bd1512c4058fbad8ef8d42e575ae5,5
087,MiFish,c93cf632b26bd1512c4058fbad8ef8d42e575ae5,61
080,MiFish,c93cf632b26bd1512c4058fbad8ef8d42e575ae5,1246
004,MiFish,c93cf632b26bd1512c4058fbad8ef8d42e575ae5,90
106,MiFish,c93cf632b26bd1512c4058fbad8ef8d42e575ae5,1091
096,MiFish,c93cf632b26bd1512c4058fbad8ef8d42e575ae5,211
029,MiFish,c93cf632b26bd1512c4058fbad8ef8d42e575ae5,2852
103,MiFish,c93cf632b26bd1512c4058fbad8ef8d42e575ae5,23
110,MiFish,c93cf632b26bd1512c4058fbad8ef8d42e575ae5,157
120,MiFish,cfc4b1202a7aa4b8a183d59bcb6459c26e189fa8,4317
040,MiFish,45ba33d1005cbd41c90ade4f67193a6212fe0386,3
128,MiFish,d9ad73f47171611f92080abe2495c390872b0be6,48
095,MiFish,c8e2843aa70d2a648f077ea732f1f05da738ca71,12
017,MiFish,950b738e4a9ddc8fda9e01252a37ed1dd6552728,1664
002,MiFish,950b738e4a9ddc8fda9e01252a37ed1dd6552728,2712
010,MiFish,950b738e4a9ddc8fda9e01252a37ed1dd6552728,1227
043,MiFish,950b738e4a9ddc8fda9e01252a37ed1dd6552728,3520
103,MiFish,950b738e4a9ddc8fda9e01252a37ed1dd6552728,953
069,MiFish,950b738e4a9ddc8fda9e01252a37ed1dd6552728,884
088,MiFish,950b738e4a9ddc8fda9e01252a37ed1dd6552728,3289
121,MiFish,950b738e4a9ddc8fda9e01252a37ed1dd6552728,41980
135,MiFish,950b738e4a9ddc8fda9e01252a37ed1dd6552728,184
077,MiFish,950b738e4a9ddc8fda9e01252a37ed1dd6552728,507
116,MiFish,950b738e4a9ddc8fda9e01252a37ed1dd6552728,149
003,MiFish,950b738e4a9ddc8fda9e01252a37ed1dd6552728,1773
078,MiFish,950b738e4a9ddc8fda9e01252a37ed1dd6552728,2106
040,MiFish,950b738e4a9ddc8fda9e01252a37ed1dd6552728,1229
073,MiFish,950b738e4a9ddc8fda9e01252a37ed1dd6552728,10575
018,MiFish,950b738e4a9ddc8fda9e01252a37ed1dd6552728,4807
045,MiFish,950b738e4a9ddc8fda9e01252a37ed1dd6552728,1612
031,MiFish,950b738e4a9ddc8fda9e01252a37ed1dd6552728,1982
079,MiFish,950b738e4a9ddc8fda9e01252a37ed1dd6552728,1987
101,MiFish,950b738e4a9ddc8fda9e01252a37ed1dd6552728,861
038,MiFish,950b738e4a9ddc8fda9e01252a37ed1dd6552728,1380
030,MiFish,950b738e4a9ddc8fda9e01252a37ed1dd6552728,4228
024,MiFish,950b738e4a9ddc8fda9e01252a37ed1dd6552728,7433
096,MiFish,950b738e4a9ddc8fda9e01252a37ed1dd6552728,1390
110,MiFish,950b738e4a9ddc8fda9e01252a37ed1dd6552728,99
087,MiFish,950b738e4a9ddc8fda9e01252a37ed1dd6552728,2298
055,MiFish,950b738e4a9ddc8fda9e01252a37ed1dd6552728,872
100,MiFish,950b738e4a9ddc8fda9e01252a37ed1dd6552728,1153
095,MiFish,950b738e4a9ddc8fda9e01252a37ed1dd6552728,3362
071,MiFish,950b738e4a9ddc8fda9e01252a37ed1dd6552728,519
128,MiFish,950b738e4a9ddc8fda9e01252a37ed1dd6552728,649
070,MiFish,950b738e4a9ddc8fda9e01252a37ed1dd6552728,1974
072,MiFish,950b738e4a9ddc8fda9e01252a37ed1dd6552728,626
083,MiFish,950b738e4a9ddc8fda9e01252a37ed1dd6552728,2029
102,MiFish,950b738e4a9ddc8fda9e01252a37ed1dd6552728,1185
009,MiFish,950b738e4a9ddc8fda9e01252a37ed1dd6552728,2242
057,MiFish,950b738e4a9ddc8fda9e01252a37ed1dd6552728,67
080,MiFish,950b738e4a9ddc8fda9e01252a37ed1dd6552728,2612
066,MiFish,950b738e4a9ddc8fda9e01252a37ed1dd6552728,85
090,MiFish,950b738e4a9ddc8fda9e01252a37ed1dd6552728,1151
039,MiFish,950b738e4a9ddc8fda9e01252a37ed1dd6552728,34747
091,MiFish,950b738e4a9ddc8fda9e01252a37ed1dd6552728,2576
004,MiFish,950b738e4a9ddc8fda9e01252a37ed1dd6552728,1957
092,MiFish,950b738e4a9ddc8fda9e01252a37ed1dd6552728,712
094,MiFish,950b738e4a9ddc8fda9e01252a37ed1dd6552728,668
095,MiFish,10ccc49071e50263ff0dc82d86a46102fc22eda6,99
131,MiFish,7106fc043ec84d3e382b3ba86a427924c731adaf,3993
071,MiFish,7106fc043ec84d3e382b3ba86a427924c731adaf,90
058,MiFish,7106fc043ec84d3e382b3ba86a427924c731adaf,978
128,MiFish,7106fc043ec84d3e382b3ba86a427924c731adaf,581
005,MiFish,7106fc043ec84d3e382b3ba86a427924c731adaf,20278
075,MiFish,7106fc043ec84d3e382b3ba86a427924c731adaf,695
110,MiFish,7106fc043ec84d3e382b3ba86a427924c731adaf,245
009,MiFish,7106fc043ec84d3e382b3ba86a427924c731adaf,250
116,MiFish,7106fc043ec84d3e382b3ba86a427924c731adaf,111
103,MiFish,7106fc043ec84d3e382b3ba86a427924c731adaf,96
037,MiFish,7106fc043ec84d3e382b3ba86a427924c731adaf,1158
002,MiFish,7106fc043ec84d3e382b3ba86a427924c731adaf,13097
010,MiFish,7106fc043ec84d3e382b3ba86a427924c731adaf,1644
080,MiFish,7106fc043ec84d3e382b3ba86a427924c731adaf,811
133,MiFish,7106fc043ec84d3e382b3ba86a427924c731adaf,4232
003,MiFish,7106fc043ec84d3e382b3ba86a427924c731adaf,73
129,MiFish,7106fc043ec84d3e382b3ba86a427924c731adaf,12
077,MiFish,7106fc043ec84d3e382b3ba86a427924c731adaf,184
017,MiFish,7106fc043ec84d3e382b3ba86a427924c731adaf,73
026,MiFish,7106fc043ec84d3e382b3ba86a427924c731adaf,2889
060,MiFish,7106fc043ec84d3e382b3ba86a427924c731adaf,600
005,MiFish,9649123743f387644e154a6a0a7e1b9d536eb6b6,1798
012,MiFish,923ab25d60cd42c77434b356cacff56edfc2c640,1011
082,MiFish,c9b0ccaacf06d9cb7000511cfd491975cb709772,6589
031,MiFish,bbc5cc1d092c1b3947f7836bb1329ccf80f8b4ed,638
107,MiFish,a8e2c2e2a41bb1891ade4b78593c1399be0aa0ce,2842
108,MiFish,a8e2c2e2a41bb1891ade4b78593c1399be0aa0ce,2075
003,MiFish,a8e2c2e2a41bb1891ade4b78593c1399be0aa0ce,2
013,MiFish,f8a038d3ddcd73cfb8069f101095f5a4b96c96de,11490
004,MiFish,f8a038d3ddcd73cfb8069f101095f5a4b96c96de,2417
110,MiFish,f8a038d3ddcd73cfb8069f101095f5a4b96c96de,176
096,MiFish,f8a038d3ddcd73cfb8069f101095f5a4b96c96de,190
087,MiFish,f8a038d3ddcd73cfb8069f101095f5a4b96c96de,48
102,MiFish,f8a038d3ddcd73cfb8069f101095f5a4b96c96de,242
015,MiFish,f8a038d3ddcd73cfb8069f101095f5a4b96c96de,4343
092,MiFish,aa0c0214d986973256fe7b6f3c74494975c5dbd2,414
048,MiFish,aa0c0214d986973256fe7b6f3c74494975c5dbd2,2542
060,MiFish,aa0c0214d986973256fe7b6f3c74494975c5dbd2,691
067,MiFish,aa0c0214d986973256fe7b6f3c74494975c5dbd2,976
018,MiFish,aa0c0214d986973256fe7b6f3c74494975c5dbd2,423
096,MiFish,aa0c0214d986973256fe7b6f3c74494975c5dbd2,197
128,MiFish,aa0c0214d986973256fe7b6f3c74494975c5dbd2,167
043,MiFish,aa0c0214d986973256fe7b6f3c74494975c5dbd2,2000
009,MiFish,aa0c0214d986973256fe7b6f3c74494975c5dbd2,525
004,MiFish,aa0c0214d986973256fe7b6f3c74494975c5dbd2,90
010,MiFish,aa0c0214d986973256fe7b6f3c74494975c5dbd2,334
090,MiFish,aa0c0214d986973256fe7b6f3c74494975c5dbd2,571
110,MiFish,aa0c0214d986973256fe7b6f3c74494975c5dbd2,296
108,MiFish,aa0c0214d986973256fe7b6f3c74494975c5dbd2,1580
075,MiFish,40aeec21334c48b27a3e0989ff1c01de8c599e54,704
110,MiFish,40aeec21334c48b27a3e0989ff1c01de8c599e54,168
029,MiFish,40aeec21334c48b27a3e0989ff1c01de8c599e54,1054
011,MiFish,40aeec21334c48b27a3e0989ff1c01de8c599e54,2251
069,MiFish,40aeec21334c48b27a3e0989ff1c01de8c599e54,6
104,MiFish,40aeec21334c48b27a3e0989ff1c01de8c599e54,1968
088,MiFish,cdca1ca25efd729549962b264292ba14dbc2c479,463
092,MiFish,cdca1ca25efd729549962b264292ba14dbc2c479,1038
003,MiFish,cdca1ca25efd729549962b264292ba14dbc2c479,68
131,MiFish,cdca1ca25efd729549962b264292ba14dbc2c479,2546
052,MiFish,eb17c705c365c92cc24d20a966b8be3700193ee3,217
005,MiFish,5915c672151c8ad50a0ae0b88cb66ed4b86c349b,7662
096,MiFish,5915c672151c8ad50a0ae0b88cb66ed4b86c349b,76
060,MiFish,5915c672151c8ad50a0ae0b88cb66ed4b86c349b,419
009,MiFish,5915c672151c8ad50a0ae0b88cb66ed4b86c349b,228
045,MiFish,5915c672151c8ad50a0ae0b88cb66ed4b86c349b,713
095,MiFish,5915c672151c8ad50a0ae0b88cb66ed4b86c349b,197
110,MiFish,5915c672151c8ad50a0ae0b88cb66ed4b86c349b,174
128,MiFish,5915c672151c8ad50a0ae0b88cb66ed4b86c349b,330
127,MiFish,5915c672151c8ad50a0ae0b88cb66ed4b86c349b,875
075,MiFish,5915c672151c8ad50a0ae0b88cb66ed4b86c349b,854
002,MiFish,5a8a7e51dbabee0903ada7aeeca31a73b76f9fd9,1077
005,MiFish,5a8a7e51dbabee0903ada7aeeca31a73b76f9fd9,7340
096,MiFish,5a8a7e51dbabee0903ada7aeeca31a73b76f9fd9,45
004,MiFish,5a8a7e51dbabee0903ada7aeeca31a73b76f9fd9,135
094,MiFish,5a8a7e51dbabee0903ada7aeeca31a73b76f9fd9,399
027,MiFish,ff499f0b4ac0fbcbbbe969bd0f9cd78dc25067d5,5153
103,MiFish,0bfc5ecb578731e9b19db59ca4fc0d6047f2e3df,90
013,MiFish,815465bf4218c40e60200ea518c5d7cbabd61f1c,710
046,MiFish,94dd7886c04e2cced2043edc096c082be319ee54,276
093,MiFish,e28647d32e36a0e2fa89c6e02219071afe3eff6d,1185
042,MiFish,4b122ead53eb1652ebb10397e379491b95afb8cf,1512
123,MiFish,4b122ead53eb1652ebb10397e379491b95afb8cf,2307
018,MiFish,97a979e2d2f672a39837e63a9f4d698da2f1e8bd,1118
037,MiFish,723039a7439d34d0aa3cf6ec82dd7415b7af6b9c,1717
065,MiFish,008b56815f07ced7ba87f9462f4a8ed32d3d6141,1783
039,MiFish,008b56815f07ced7ba87f9462f4a8ed32d3d6141,55396
038,MiFish,008b56815f07ced7ba87f9462f4a8ed32d3d6141,1168
038,MiFish,93a83a9e8c3baddd9d3be6353eceb4dacdfa059e,1320
016,MiFish,6c4f83b175022e94bcbd8bd49a9215ec4c1083a6,41
083,MiFish,7cfdb13ce4e7b7e81566868f967a9c671ae603ca,319
067,MiFish,7cfdb13ce4e7b7e81566868f967a9c671ae603ca,539
056,MiFish,7cfdb13ce4e7b7e81566868f967a9c671ae603ca,1877
038,MiFish,7cfdb13ce4e7b7e81566868f967a9c671ae603ca,8617
039,MiFish,7cfdb13ce4e7b7e81566868f967a9c671ae603ca,123069
062,MiFish,7cfdb13ce4e7b7e81566868f967a9c671ae603ca,1149
106,MiFish,7cfdb13ce4e7b7e81566868f967a9c671ae603ca,1674
063,MiFish,7cfdb13ce4e7b7e81566868f967a9c671ae603ca,988
001,MiFish,7cfdb13ce4e7b7e81566868f967a9c671ae603ca,404
016,MiFish,7cfdb13ce4e7b7e81566868f967a9c671ae603ca,7260
037,MiFish,7cfdb13ce4e7b7e81566868f967a9c671ae603ca,5577
081,MiFish,7cfdb13ce4e7b7e81566868f967a9c671ae603ca,4912
052,MiFish,7cfdb13ce4e7b7e81566868f967a9c671ae603ca,320
057,MiFish,f968f4f6b237dc8b59640499d84f1b7a301ed54f,756
013,MiFish,60c6d5b3f921b52c9272b8f3d871f1c987973e1f,1058
080,MiFish,60c6d5b3f921b52c9272b8f3d871f1c987973e1f,714
110,MiFish,60c6d5b3f921b52c9272b8f3d871f1c987973e1f,93
008,MiFish,60c6d5b3f921b52c9272b8f3d871f1c987973e1f,6100
062,MiFish,60c6d5b3f921b52c9272b8f3d871f1c987973e1f,1291
004,MiFish,60c6d5b3f921b52c9272b8f3d871f1c987973e1f,95
001,MiFish,93a9521189626bf57acb8a0f7b2532a900e91f12,979
055,MiFish,93a9521189626bf57acb8a0f7b2532a900e91f12,776
069,MiFish,93a9521189626bf57acb8a0f7b2532a900e91f12,9
013,MiFish,93a9521189626bf57acb8a0f7b2532a900e91f12,938
100,MiFish,93a9521189626bf57acb8a0f7b2532a900e91f12,158
035,MiFish,93a9521189626bf57acb8a0f7b2532a900e91f12,1940
018,MiFish,93a9521189626bf57acb8a0f7b2532a900e91f12,554
044,MiFish,93a9521189626bf57acb8a0f7b2532a900e91f12,878
095,MiFish,93a9521189626bf57acb8a0f7b2532a900e91f12,467
116,MiFish,93a9521189626bf57acb8a0f7b2532a900e91f12,144
019,MiFish,93a9521189626bf57acb8a0f7b2532a900e91f12,5563
009,MiFish,93a9521189626bf57acb8a0f7b2532a900e91f12,58
103,MiFish,93a9521189626bf57acb8a0f7b2532a900e91f12,20
110,MiFish,93a9521189626bf57acb8a0f7b2532a900e91f12,375
015,MiFish,93a9521189626bf57acb8a0f7b2532a900e91f12,3249
114,MiFish,93a9521189626bf57acb8a0f7b2532a900e91f12,445
075,MiFish,93a9521189626bf57acb8a0f7b2532a900e91f12,664
017,MiFish,93a9521189626bf57acb8a0f7b2532a900e91f12,42
029,MiFish,93a9521189626bf57acb8a0f7b2532a900e91f12,2338
087,MiFish,93a9521189626bf57acb8a0f7b2532a900e91f12,127
132,MiFish,949944d875d32f60b2e50146ae9d2bb95fc1a300,34
063,MiFish,bcbddc98c208c4c7018b786847dc92dac8006c78,6421
096,MiFish,bcbddc98c208c4c7018b786847dc92dac8006c78,182
128,MiFish,bcbddc98c208c4c7018b786847dc92dac8006c78,40
017,MiFish,bcbddc98c208c4c7018b786847dc92dac8006c78,60
055,MiFish,bcbddc98c208c4c7018b786847dc92dac8006c78,615
126,MiFish,0fa5745fa0c10e7d05f06c87a10d6c08447a229f,6346
121,MiFish,303ab366b448fc492f429b0b17e4edf1219c7707,5253
127,MiFish,303ab366b448fc492f429b0b17e4edf1219c7707,5348
042,MiFish,303ab366b448fc492f429b0b17e4edf1219c7707,4100
018,MiFish,303ab366b448fc492f429b0b17e4edf1219c7707,364
125,MiFish,303ab366b448fc492f429b0b17e4edf1219c7707,8988
069,MiFish,303ab366b448fc492f429b0b17e4edf1219c7707,9
088,MiFish,303ab366b448fc492f429b0b17e4edf1219c7707,517
127,MiFish,27c50c4ed08240c75744547ab82410335a38e045,55
012,MiFish,17d0561f48a406d4d1d9ee6d21ce804ddfe12888,746
037,MiFish,0d89166e9b466df1d5ec81d5bd792f5b974fb197,1260
060,MiFish,3a3b74edfdabe951a5b05431fe77eb70df82a613,530
013,MiFish,3a3b74edfdabe951a5b05431fe77eb70df82a613,564
076,MiFish,3a3b74edfdabe951a5b05431fe77eb70df82a613,3063
045,MiFish,3a3b74edfdabe951a5b05431fe77eb70df82a613,249
044,MiFish,3a3b74edfdabe951a5b05431fe77eb70df82a613,848
075,MiFish,3a3b74edfdabe951a5b05431fe77eb70df82a613,841
074,MiFish,3a3b74edfdabe951a5b05431fe77eb70df82a613,17696
110,MiFish,3a3b74edfdabe951a5b05431fe77eb70df82a613,43
112,MiFish,3a3b74edfdabe951a5b05431fe77eb70df82a613,3941
009,MiFish,3a3b74edfdabe951a5b05431fe77eb70df82a613,196
063,MiFish,3a3b74edfdabe951a5b05431fe77eb70df82a613,778
047,MiFish,3a3b74edfdabe951a5b05431fe77eb70df82a613,2006
106,MiFish,3a3b74edfdabe951a5b05431fe77eb70df82a613,1443
052,MiFish,3a3b74edfdabe951a5b05431fe77eb70df82a613,2277
128,MiFish,3a3b74edfdabe951a5b05431fe77eb70df82a613,411
097,MiFish,3a3b74edfdabe951a5b05431fe77eb70df82a613,127
132,MiFish,3a3b74edfdabe951a5b05431fe77eb70df82a613,915
090,MiFish,a75d5e68e4f9e46689be4ea545e4fdda12c7edea,36
013,MiFish,c10f4e1046f185623f5f2751a6f27a2b25beab71,1089
113,MiFish,7879c64e1ad784aba7c22697f8c8ace0cd40a241,3583
086,MiFish,7879c64e1ad784aba7c22697f8c8ace0cd40a241,7500
010,MiFish,7879c64e1ad784aba7c22697f8c8ace0cd40a241,846
063,MiFish,f0a82183f3625dcc1ea21d59f3035c8d4be5f230,320
026,MiFish,f0a82183f3625dcc1ea21d59f3035c8d4be5f230,2260
045,MiFish,edbc6509664f458a2ac356df9c6c254fb5adf82b,924
016,MiFish,edbc6509664f458a2ac356df9c6c254fb5adf82b,26180
065,MiFish,edbc6509664f458a2ac356df9c6c254fb5adf82b,64
018,MiFish,edbc6509664f458a2ac356df9c6c254fb5adf82b,868
083,MiFish,edbc6509664f458a2ac356df9c6c254fb5adf82b,429
067,MiFish,edbc6509664f458a2ac356df9c6c254fb5adf82b,1306
095,MiFish,edbc6509664f458a2ac356df9c6c254fb5adf82b,244
009,MiFish,edbc6509664f458a2ac356df9c6c254fb5adf82b,97
063,MiFish,edbc6509664f458a2ac356df9c6c254fb5adf82b,884
100,MiFish,edbc6509664f458a2ac356df9c6c254fb5adf82b,70
046,MiFish,8d2c18a6dc0e7b406a6a31fccaa59eddafcf843a,444
016,MiFish,8d2c18a6dc0e7b406a6a31fccaa59eddafcf843a,2146
048,MiFish,0fd4f3e4ea2b9002259e5c78c407f3c8869a1073,23573
013,MiFish,0fd4f3e4ea2b9002259e5c78c407f3c8869a1073,1130
028,MiFish,0fd4f3e4ea2b9002259e5c78c407f3c8869a1073,7060
103,MiFish,0fd4f3e4ea2b9002259e5c78c407f3c8869a1073,46
004,MiFish,0fd4f3e4ea2b9002259e5c78c407f3c8869a1073,122
069,MiFish,124e8ed49ddee1e5d49c985ec9c24afa9d473d8e,9
117,MiFish,124e8ed49ddee1e5d49c985ec9c24afa9d473d8e,6707
001,MiFish,fcd69c7d8db6e82a933cfaa11638f7d54156f607,6782
087,MiFish,fcd69c7d8db6e82a933cfaa11638f7d54156f607,112
071,MiFish,fcd69c7d8db6e82a933cfaa11638f7d54156f607,80
017,MiFish,fcd69c7d8db6e82a933cfaa11638f7d54156f607,83
069,MiFish,fcd69c7d8db6e82a933cfaa11638f7d54156f607,12
078,MiFish,2c0cb1d17dbc638f055cc6d36a1958284380c20e,444
007,MiFish,2c0cb1d17dbc638f055cc6d36a1958284380c20e,3364
092,MiFish,2c0cb1d17dbc638f055cc6d36a1958284380c20e,531
066,MiFish,2c0cb1d17dbc638f055cc6d36a1958284380c20e,6
077,MiFish,2c0cb1d17dbc638f055cc6d36a1958284380c20e,162
116,MiFish,2c0cb1d17dbc638f055cc6d36a1958284380c20e,97
096,MiFish,2c0cb1d17dbc638f055cc6d36a1958284380c20e,92
080,MiFish,2c0cb1d17dbc638f055cc6d36a1958284380c20e,583
018,MiFish,2c0cb1d17dbc638f055cc6d36a1958284380c20e,711
128,MiFish,2c0cb1d17dbc638f055cc6d36a1958284380c20e,89
017,MiFish,2c0cb1d17dbc638f055cc6d36a1958284380c20e,115
045,MiFish,2c0cb1d17dbc638f055cc6d36a1958284380c20e,1048
003,MiFish,2c0cb1d17dbc638f055cc6d36a1958284380c20e,143
083,MiFish,2c0cb1d17dbc638f055cc6d36a1958284380c20e,193
103,MiFish,2c0cb1d17dbc638f055cc6d36a1958284380c20e,154
079,MiFish,2c0cb1d17dbc638f055cc6d36a1958284380c20e,158
087,MiFish,2c0cb1d17dbc638f055cc6d36a1958284380c20e,506
010,MiFish,2c0cb1d17dbc638f055cc6d36a1958284380c20e,666
009,MiFish,2c0cb1d17dbc638f055cc6d36a1958284380c20e,84
102,MiFish,2c0cb1d17dbc638f055cc6d36a1958284380c20e,108
100,MiFish,2c0cb1d17dbc638f055cc6d36a1958284380c20e,114
095,MiFish,2c0cb1d17dbc638f055cc6d36a1958284380c20e,210
101,MiFish,2c0cb1d17dbc638f055cc6d36a1958284380c20e,416
047,MiFish,2c0cb1d17dbc638f055cc6d36a1958284380c20e,2533
070,MiFish,2c0cb1d17dbc638f055cc6d36a1958284380c20e,326
091,MiFish,2c0cb1d17dbc638f055cc6d36a1958284380c20e,113
069,MiFish,2c0cb1d17dbc638f055cc6d36a1958284380c20e,127
096,MiFish,a1c5223bc5b849f9cebca5c9d1a941449598c33d,102
045,MiFish,a1c5223bc5b849f9cebca5c9d1a941449598c33d,702
116,MiFish,a1c5223bc5b849f9cebca5c9d1a941449598c33d,46
017,MiFish,a1c5223bc5b849f9cebca5c9d1a941449598c33d,71
128,MiFish,a1c5223bc5b849f9cebca5c9d1a941449598c33d,124
110,MiFish,a1c5223bc5b849f9cebca5c9d1a941449598c33d,454
009,MiFish,f576725c9dbb4895f7946c3fbac4d378fa741e6e,116
095,MiFish,f576725c9dbb4895f7946c3fbac4d378fa741e6e,183
070,MiFish,42c5232786fb6d62e0856c25276caf8154ac09c1,8
009,MiFish,55415cc63ff526829c699a4c5000d21af65bfa80,127
075,MiFish,55415cc63ff526829c699a4c5000d21af65bfa80,631
096,MiFish,55415cc63ff526829c699a4c5000d21af65bfa80,138
003,MiFish,55415cc63ff526829c699a4c5000d21af65bfa80,86
132,MiFish,55415cc63ff526829c699a4c5000d21af65bfa80,1638
034,MiFish,55415cc63ff526829c699a4c5000d21af65bfa80,7503
017,MiFish,55415cc63ff526829c699a4c5000d21af65bfa80,113
031,MiFish,55415cc63ff526829c699a4c5000d21af65bfa80,7622
092,MiFish,55415cc63ff526829c699a4c5000d21af65bfa80,1240
036,MiFish,55415cc63ff526829c699a4c5000d21af65bfa80,5921
069,MiFish,55415cc63ff526829c699a4c5000d21af65bfa80,12
117,MiFish,55415cc63ff526829c699a4c5000d21af65bfa80,8084
044,MiFish,55415cc63ff526829c699a4c5000d21af65bfa80,1229
128,MiFish,55415cc63ff526829c699a4c5000d21af65bfa80,440
050,MiFish,55415cc63ff526829c699a4c5000d21af65bfa80,7565
077,MiFish,55415cc63ff526829c699a4c5000d21af65bfa80,181
004,MiFish,55415cc63ff526829c699a4c5000d21af65bfa80,122
016,MiFish,55415cc63ff526829c699a4c5000d21af65bfa80,7646
018,MiFish,55415cc63ff526829c699a4c5000d21af65bfa80,764
052,MiFish,55415cc63ff526829c699a4c5000d21af65bfa80,3592
058,MiFish,55415cc63ff526829c699a4c5000d21af65bfa80,5762
029,MiFish,55415cc63ff526829c699a4c5000d21af65bfa80,3877
012,MiFish,55415cc63ff526829c699a4c5000d21af65bfa80,3820
055,MiFish,55415cc63ff526829c699a4c5000d21af65bfa80,750
103,MiFish,55415cc63ff526829c699a4c5000d21af65bfa80,60
070,MiFish,55415cc63ff526829c699a4c5000d21af65bfa80,220
128,MiFish,1c53a31bd434960905deb818cb4050d264865b0e,25
010,MiFish,6e5b25f7e79ef8ab58a4ed0e87609bf2e7dde81d,31
083,MiFish,3c90b86de41b272cc738de5d76237988a87afb83,166
045,MiFish,3c90b86de41b272cc738de5d76237988a87afb83,10
052,MiFish,3c90b86de41b272cc738de5d76237988a87afb83,114
092,MiFish,902386ca425cb22c5ced4d0bbf7acf5b6a9756b8,291
034,MiFish,07133b0300f3f26d7e37384c85945df274378657,361
069,MiFish,95a3141dfd34c99d59ea421459ed1b01973c3c78,16
070,MiFish,4bbdb96fe9d07f3557f281fd89dfcd859c388415,132
003,MiFish,4bbdb96fe9d07f3557f281fd89dfcd859c388415,24
057,MiFish,1068e0e8d82678adb15303257269e96b38c50db6,2746
057,MiFish,41f26768ba3363ab44d04b358e7f3ac6388cbb21,301
080,MiFish,88176f6d65ddbb9c04efce0612ce81c2af6196bd,686
100,MiFish,0f37d19984d74c79dfc673fce344c55836f65f12,11
004,MiFish,f9ca217089dcd6cb51a3e0c9032646ab6b3cd2ae,85
009,MiFish,33e48faff2ae0ebae634bfd6cc67ced794cbac61,87
089,MiFish,33e48faff2ae0ebae634bfd6cc67ced794cbac61,3583
007,MiFish,33e48faff2ae0ebae634bfd6cc67ced794cbac61,5240
001,MiFish,33e48faff2ae0ebae634bfd6cc67ced794cbac61,1098
013,MiFish,33e48faff2ae0ebae634bfd6cc67ced794cbac61,2296
039,MiFish,33e48faff2ae0ebae634bfd6cc67ced794cbac61,42037
069,MiFish,33e48faff2ae0ebae634bfd6cc67ced794cbac61,3
010,MiFish,33e48faff2ae0ebae634bfd6cc67ced794cbac61,156
004,MiFish,33e48faff2ae0ebae634bfd6cc67ced794cbac61,38
096,MiFish,33e48faff2ae0ebae634bfd6cc67ced794cbac61,97
015,MiFish,33e48faff2ae0ebae634bfd6cc67ced794cbac61,3720
073,MiFish,72bbbf1f49ede0c70518507949be5c01e2178a96,2638
124,MiFish,b7c34d9940e72d6f48be9cf48056a0b0ebe76a6a,1342
086,MiFish,e3ebec479d3ac94f3f0198de0266348a7e7cbe66,670
027,MiFish,aad5d77a0395b4b69707b95ab6f82da8a7786a0c,5573
103,MiFish,aad5d77a0395b4b69707b95ab6f82da8a7786a0c,478
096,MiFish,aad5d77a0395b4b69707b95ab6f82da8a7786a0c,147
085,MiFish,6997bca42f3bc753e313936b3d714e593722cd6b,1070
107,MiFish,6997bca42f3bc753e313936b3d714e593722cd6b,782
110,MiFish,6997bca42f3bc753e313936b3d714e593722cd6b,151
073,MiFish,b71d8ad39d0c1b9f2d33037ecc8c67b888a4656f,2775
065,MiFish,b71d8ad39d0c1b9f2d33037ecc8c67b888a4656f,1969
084,MiFish,b71d8ad39d0c1b9f2d33037ecc8c67b888a4656f,1794
011,MiFish,b71d8ad39d0c1b9f2d33037ecc8c67b888a4656f,1248
063,MiFish,4c30400791a0410c2d75346193aa313921d73616,19
080,MiFish,6965c9d2951a8654f5ebeff2b87ab4eb43e91aec,1344
052,MiFish,6965c9d2951a8654f5ebeff2b87ab4eb43e91aec,402
004,MiFish,be4339781ec51678cd5104ab22c727510f724e05,105
089,MiFish,44ba4b6ec2b244c08d1e38595c673f1f2b5e4ba1,2486
128,MiFish,44ba4b6ec2b244c08d1e38595c673f1f2b5e4ba1,70
035,MiFish,44ba4b6ec2b244c08d1e38595c673f1f2b5e4ba1,6636
096,MiFish,44ba4b6ec2b244c08d1e38595c673f1f2b5e4ba1,233
095,MiFish,44ba4b6ec2b244c08d1e38595c673f1f2b5e4ba1,248
118,MiFish,c17e85f60d87c449841918f2535d409dfca601fe,1684
016,MiFish,c17e85f60d87c449841918f2535d409dfca601fe,15626
046,MiFish,c17e85f60d87c449841918f2535d409dfca601fe,537
010,MiFish,c17e85f60d87c449841918f2535d409dfca601fe,632
093,MiFish,c52ced1b46d8401e46190b3a0a26c1bf1072bb8e,6293
046,MiFish,8e6ba947333450a3d70b0fc789344ca4e8946e9f,691
083,MiFish,8e6ba947333450a3d70b0fc789344ca4e8946e9f,309
049,MiFish,8e6ba947333450a3d70b0fc789344ca4e8946e9f,4871
070,MiFish,3791eb146a5e5b938a2027162db35c24e77b7a19,39
098,MiFish,23f0df1f2157d0e4413629a42bd14209354d2dda,4698
001,MiFish,379edc198530eecc4a3b903665e9bc0a9b61b996,1824
017,MiFish,2d32d4f7adfa6c90a9b087ba5a34137163d24e51,51
092,MiFish,2d32d4f7adfa6c90a9b087ba5a34137163d24e51,1911
096,MiFish,2d32d4f7adfa6c90a9b087ba5a34137163d24e51,1451
010,MiFish,2d32d4f7adfa6c90a9b087ba5a34137163d24e51,4299
055,MiFish,2d32d4f7adfa6c90a9b087ba5a34137163d24e51,1438
009,MiFish,2d32d4f7adfa6c90a9b087ba5a34137163d24e51,1764
046,MiFish,2d32d4f7adfa6c90a9b087ba5a34137163d24e51,429
039,MiFish,2d32d4f7adfa6c90a9b087ba5a34137163d24e51,64842
016,MiFish,2d32d4f7adfa6c90a9b087ba5a34137163d24e51,6570
132,MiFish,2d32d4f7adfa6c90a9b087ba5a34137163d24e51,6520
044,MiFish,2d32d4f7adfa6c90a9b087ba5a34137163d24e51,884
116,MiFish,2d32d4f7adfa6c90a9b087ba5a34137163d24e51,818
128,MiFish,2d32d4f7adfa6c90a9b087ba5a34137163d24e51,2884
038,MiFish,2d32d4f7adfa6c90a9b087ba5a34137163d24e51,4075
047,MiFish,2d32d4f7adfa6c90a9b087ba5a34137163d24e51,4813
110,MiFish,2d32d4f7adfa6c90a9b087ba5a34137163d24e51,207
069,MiFish,2d32d4f7adfa6c90a9b087ba5a34137163d24e51,6
045,MiFish,2d32d4f7adfa6c90a9b087ba5a34137163d24e51,1866
042,MiFish,80db4ba07e01b5a9d6c4cb34a7dae972daa15d2c,3523
116,MiFish,6960be37e6907c19485890f93265bbd20317a874,110
066,MiFish,21cfc07a377bf5bf9bf82c5e772dd796e9c14ef4,2
080,MiFish,06bb8f41dab2628ce24ccf00b138df55dd996ff0,9
128,MiFish,2d4aa6e08cf83fccdb6232078cb07c25058bc2ae,55
009,MiFish,2d4aa6e08cf83fccdb6232078cb07c25058bc2ae,65
092,MiFish,2d4aa6e08cf83fccdb6232078cb07c25058bc2ae,218
010,MiFish,2d4aa6e08cf83fccdb6232078cb07c25058bc2ae,308
106,MiFish,6bacaf0d670de5554989183783d8c3c6d0cff0b9,655
096,MiFish,a2a79f2f0e9ad2e0ef13b4de9ee656822a90c140,928
088,MiFish,a2a79f2f0e9ad2e0ef13b4de9ee656822a90c140,3183
114,MiFish,a2a79f2f0e9ad2e0ef13b4de9ee656822a90c140,514
100,MiFish,a2a79f2f0e9ad2e0ef13b4de9ee656822a90c140,1138
010,MiFish,a2a79f2f0e9ad2e0ef13b4de9ee656822a90c140,3589
060,MiFish,a2a79f2f0e9ad2e0ef13b4de9ee656822a90c140,2135
072,MiFish,a2a79f2f0e9ad2e0ef13b4de9ee656822a90c140,679
030,MiFish,a2a79f2f0e9ad2e0ef13b4de9ee656822a90c140,3093
040,MiFish,a2a79f2f0e9ad2e0ef13b4de9ee656822a90c140,1837
092,MiFish,a2a79f2f0e9ad2e0ef13b4de9ee656822a90c140,1506
133,MiFish,a2a79f2f0e9ad2e0ef13b4de9ee656822a90c140,4852
101,MiFish,a2a79f2f0e9ad2e0ef13b4de9ee656822a90c140,1045
075,MiFish,a2a79f2f0e9ad2e0ef13b4de9ee656822a90c140,662
069,MiFish,a2a79f2f0e9ad2e0ef13b4de9ee656822a90c140,901
039,MiFish,a2a79f2f0e9ad2e0ef13b4de9ee656822a90c140,9545
104,MiFish,a2a79f2f0e9ad2e0ef13b4de9ee656822a90c140,1281
018,MiFish,a2a79f2f0e9ad2e0ef13b4de9ee656822a90c140,7583
073,MiFish,a2a79f2f0e9ad2e0ef13b4de9ee656822a90c140,3596
070,MiFish,a2a79f2f0e9ad2e0ef13b4de9ee656822a90c140,1922
045,MiFish,a2a79f2f0e9ad2e0ef13b4de9ee656822a90c140,1965
128,MiFish,a2a79f2f0e9ad2e0ef13b4de9ee656822a90c140,1837
095,MiFish,a2a79f2f0e9ad2e0ef13b4de9ee656822a90c140,2697
078,MiFish,a2a79f2f0e9ad2e0ef13b4de9ee656822a90c140,1663
130,MiFish,a2a79f2f0e9ad2e0ef13b4de9ee656822a90c140,2370
118,MiFish,a2a79f2f0e9ad2e0ef13b4de9ee656822a90c140,1659
071,MiFish,a2a79f2f0e9ad2e0ef13b4de9ee656822a90c140,651
132,MiFish,a2a79f2f0e9ad2e0ef13b4de9ee656822a90c140,2870
017,MiFish,a2a79f2f0e9ad2e0ef13b4de9ee656822a90c140,1108
046,MiFish,a2a79f2f0e9ad2e0ef13b4de9ee656822a90c140,2016
077,MiFish,a2a79f2f0e9ad2e0ef13b4de9ee656822a90c140,592
111,MiFish,a2a79f2f0e9ad2e0ef13b4de9ee656822a90c140,12869
055,MiFish,a2a79f2f0e9ad2e0ef13b4de9ee656822a90c140,615
066,MiFish,a2a79f2f0e9ad2e0ef13b4de9ee656822a90c140,97
047,MiFish,a2a79f2f0e9ad2e0ef13b4de9ee656822a90c140,3009
079,MiFish,a2a79f2f0e9ad2e0ef13b4de9ee656822a90c140,1334
113,MiFish,a2a79f2f0e9ad2e0ef13b4de9ee656822a90c140,2399
054,MiFish,a2a79f2f0e9ad2e0ef13b4de9ee656822a90c140,4429
008,MiFish,a2a79f2f0e9ad2e0ef13b4de9ee656822a90c140,1135
004,MiFish,a2a79f2f0e9ad2e0ef13b4de9ee656822a90c140,1634
110,MiFish,a2a79f2f0e9ad2e0ef13b4de9ee656822a90c140,1586
102,MiFish,a2a79f2f0e9ad2e0ef13b4de9ee656822a90c140,1074
091,MiFish,a2a79f2f0e9ad2e0ef13b4de9ee656822a90c140,2254
009,MiFish,a2a79f2f0e9ad2e0ef13b4de9ee656822a90c140,2521
035,MiFish,a2a79f2f0e9ad2e0ef13b4de9ee656822a90c140,228
087,MiFish,a2a79f2f0e9ad2e0ef13b4de9ee656822a90c140,2295
116,MiFish,a2a79f2f0e9ad2e0ef13b4de9ee656822a90c140,1400
001,MiFish,a2a79f2f0e9ad2e0ef13b4de9ee656822a90c140,1670
094,MiFish,a2a79f2f0e9ad2e0ef13b4de9ee656822a90c140,1867
083,MiFish,a2a79f2f0e9ad2e0ef13b4de9ee656822a90c140,2202
003,MiFish,a2a79f2f0e9ad2e0ef13b4de9ee656822a90c140,1819
033,MiFish,a2a79f2f0e9ad2e0ef13b4de9ee656822a90c140,32
080,MiFish,a2a79f2f0e9ad2e0ef13b4de9ee656822a90c140,6859
108,MiFish,a2a79f2f0e9ad2e0ef13b4de9ee656822a90c140,1999
007,MiFish,a2a79f2f0e9ad2e0ef13b4de9ee656822a90c140,4394
093,MiFish,a2a79f2f0e9ad2e0ef13b4de9ee656822a90c140,3015
090,MiFish,a2a79f2f0e9ad2e0ef13b4de9ee656822a90c140,799
037,MiFish,a2a79f2f0e9ad2e0ef13b4de9ee656822a90c140,2762
103,MiFish,a2a79f2f0e9ad2e0ef13b4de9ee656822a90c140,1944
035,MiFish,8b721be971a4f3cbce74f531c97f99ec59da001e,1766
096,MiFish,bcc39ab1707c7145854607f046dd05987ee34ad3,108
012,MiFish,01e990192a93cc793aedf148d5e66034af5f599b,163
131,MiFish,15d067a26c9a770d68c2f47cff48c4a88df53dcc,75
119,MiFish,e71271825254fc1cc68a799218e377bcd0e859b5,179
097,MiFish,914c129fb9168cfec7d19fc698196479554b6873,102
050,MiFish,bd60cd22a4d9706f2a40dd5442a3a14f31aa687c,19
009,MiFish,cc740224dde140eeba63e3266bc1251f1a230fba,153
123,MiFish,cc740224dde140eeba63e3266bc1251f1a230fba,824
098,MiFish,cc740224dde140eeba63e3266bc1251f1a230fba,824
086,MiFish,cc740224dde140eeba63e3266bc1251f1a230fba,118
126,MiFish,cc740224dde140eeba63e3266bc1251f1a230fba,994
094,MiFish,cc740224dde140eeba63e3266bc1251f1a230fba,327
013,MiFish,cc740224dde140eeba63e3266bc1251f1a230fba,212
048,MiFish,cc740224dde140eeba63e3266bc1251f1a230fba,1084
103,MiFish,cc740224dde140eeba63e3266bc1251f1a230fba,5
089,MiFish,cc740224dde140eeba63e3266bc1251f1a230fba,2266
118,MiFish,cc740224dde140eeba63e3266bc1251f1a230fba,1429
093,MiFish,cc740224dde140eeba63e3266bc1251f1a230fba,695
012,MiFish,cc740224dde140eeba63e3266bc1251f1a230fba,1001
001,MiFish,cc740224dde140eeba63e3266bc1251f1a230fba,293
127,MiFish,cc740224dde140eeba63e3266bc1251f1a230fba,966
128,MiFish,cc740224dde140eeba63e3266bc1251f1a230fba,157
006,MiFish,cc740224dde140eeba63e3266bc1251f1a230fba,2428
087,MiFish,cc740224dde140eeba63e3266bc1251f1a230fba,129
031,MiFish,cc740224dde140eeba63e3266bc1251f1a230fba,491
121,MiFish,cc740224dde140eeba63e3266bc1251f1a230fba,1726
122,MiFish,cc740224dde140eeba63e3266bc1251f1a230fba,3
113,MiFish,cc740224dde140eeba63e3266bc1251f1a230fba,7
080,MiFish,cc740224dde140eeba63e3266bc1251f1a230fba,2118
050,MiFish,cc740224dde140eeba63e3266bc1251f1a230fba,3821
047,MiFish,cc740224dde140eeba63e3266bc1251f1a230fba,251
042,MiFish,cc740224dde140eeba63e3266bc1251f1a230fba,27
075,MiFish,cc740224dde140eeba63e3266bc1251f1a230fba,209
007,MiFish,cc740224dde140eeba63e3266bc1251f1a230fba,696
085,MiFish,cc740224dde140eeba63e3266bc1251f1a230fba,12
082,MiFish,cc740224dde140eeba63e3266bc1251f1a230fba,3993
117,MiFish,cc740224dde140eeba63e3266bc1251f1a230fba,6797
135,MiFish,cc740224dde140eeba63e3266bc1251f1a230fba,718
077,MiFish,cc740224dde140eeba63e3266bc1251f1a230fba,214
096,MiFish,cc740224dde140eeba63e3266bc1251f1a230fba,31
124,MiFish,cc740224dde140eeba63e3266bc1251f1a230fba,206
069,MiFish,cc740224dde140eeba63e3266bc1251f1a230fba,26
043,MiFish,cc740224dde140eeba63e3266bc1251f1a230fba,18
090,MiFish,cc740224dde140eeba63e3266bc1251f1a230fba,64
119,MiFish,cc740224dde140eeba63e3266bc1251f1a230fba,1377
035,MiFish,cc740224dde140eeba63e3266bc1251f1a230fba,24
114,MiFish,cc740224dde140eeba63e3266bc1251f1a230fba,21
076,MiFish,cc740224dde140eeba63e3266bc1251f1a230fba,744
018,MiFish,cc740224dde140eeba63e3266bc1251f1a230fba,135
088,MiFish,cc740224dde140eeba63e3266bc1251f1a230fba,41
133,MiFish,cc740224dde140eeba63e3266bc1251f1a230fba,858
090,MiFish,d0a1fee8af07595d059c299c7dd530b956f3eef5,91
031,MiFish,d0a1fee8af07595d059c299c7dd530b956f3eef5,662
002,MiFish,d0a1fee8af07595d059c299c7dd530b956f3eef5,498
010,MiFish,19c0ba4ece465fa2be68f3b146f279201ad20b20,779
128,MiFish,19c0ba4ece465fa2be68f3b146f279201ad20b20,156
055,MiFish,19c0ba4ece465fa2be68f3b146f279201ad20b20,676
110,MiFish,19c0ba4ece465fa2be68f3b146f279201ad20b20,295
131,MiFish,db0058830de312e3f4f740c06c54c1c6d141b460,4711
009,MiFish,2476df76c029291d01df6127667d28a5b8f65679,114
043,MiFish,dbd49f4252bcc1f5eee594832c78c78b51554b55,2063
016,MiFish,a62bb8e95eea0ebda2d47cc86414b63905ab1581,770
110,MiFish,25e8531396b00cb9cdd8c87db81331ec1a0ee28e,57
001,MiFish,25e2cbf4828ef526354bb966fdb49c8db42713f3,786
057,MiFish,810387668dd3bab5dddd4b9e530b6853cd57a820,1257
039,MiFish,b5a1bd75511eab54a5045bc13089638c33554a24,27
127,MiFish,3f0502d75f96b027ba306ad05ceae470d41541b2,2781
039,MiFish,3f0502d75f96b027ba306ad05ceae470d41541b2,56767
124,MiFish,3f0502d75f96b027ba306ad05ceae470d41541b2,2474
048,MiFish,3f0502d75f96b027ba306ad05ceae470d41541b2,5718
123,MiFish,3f0502d75f96b027ba306ad05ceae470d41541b2,2839
004,MiFish,3f0502d75f96b027ba306ad05ceae470d41541b2,116
002,MiFish,3f0502d75f96b027ba306ad05ceae470d41541b2,15379
043,MiFish,3f0502d75f96b027ba306ad05ceae470d41541b2,3414
090,MiFish,3c40a381fd351f60066b59489cc3b61cb3e952fd,166
013,MiFish,b8afcc558a68503de7d18504c0395aa213c4f802,426
103,MiFish,8c2472c35da6644b8c0e6cab932d521d8ed481df,905
052,MiFish,8c2472c35da6644b8c0e6cab932d521d8ed481df,488
063,MiFish,76acb74e1bb6eb1d757f7abe202f811a271c8ab6,490
016,MiFish,09b68d2491c0edd6237089aaa018888106c89f56,10258
013,MiFish,09b68d2491c0edd6237089aaa018888106c89f56,612
052,MiFish,d56ac6282a1e9cd44341c73e20a3e3f8cce357a2,253
123,MiFish,8b38238be09c59fe487b7de133d8b640a87d9eba,2134
132,MiFish,d6ea706dc5038909e59dc1eceaa897d4f1d8906e,13
078,MiFish,38f7289e36598e8a14e865b18fd337e2414bbca6,128
110,MiFish,6c10b5899bba357b017747ab42656440e6bd11e6,6
016,MiFish,71af3877e5027588b85b33c8f9610503cdf2af74,474
118,MiFish,71af3877e5027588b85b33c8f9610503cdf2af74,221
069,MiFish,795129d388599bd8e6276ce200f036ab5011519e,12
016,MiFish,795129d388599bd8e6276ce200f036ab5011519e,8916
070,MiFish,ba37e61f90251df977e50e2d180bf9d8cb1356c0,112
080,MiFish,781ee1d887334ad61794d8fab4a73b6f81000eb6,363
052,MiFish,4908d9a095432fcb3f3348f68d70aa82f7579eec,212
060,MiFish,3010777da396f81e9a72f9f598f86c36364b3199,396
132,MiFish,3010777da396f81e9a72f9f598f86c36364b3199,1220
060,MiFish,d9d67fc59d21edef07ece16dad771c2cda7cec9b,359
118,MiFish,75ab45c594dc8d126652883d8b713f4de9782369,55
028,MiFish,abd31a4d4e1434169e1bb6a57dae5d2fc270c9e0,3893
003,MiFish,abd31a4d4e1434169e1bb6a57dae5d2fc270c9e0,69
112,MiFish,abd31a4d4e1434169e1bb6a57dae5d2fc270c9e0,3076
069,MiFish,abd31a4d4e1434169e1bb6a57dae5d2fc270c9e0,6
090,MiFish,c0384ad94af9133bfca8aeb65fb8fd92fb24e4e6,109
029,MiFish,c0384ad94af9133bfca8aeb65fb8fd92fb24e4e6,4263
128,MiFish,c0384ad94af9133bfca8aeb65fb8fd92fb24e4e6,42
016,MiFish,c0384ad94af9133bfca8aeb65fb8fd92fb24e4e6,8473
075,MiFish,c0384ad94af9133bfca8aeb65fb8fd92fb24e4e6,704
079,MiFish,c0384ad94af9133bfca8aeb65fb8fd92fb24e4e6,326
073,MiFish,c0384ad94af9133bfca8aeb65fb8fd92fb24e4e6,2321
009,MiFish,c0384ad94af9133bfca8aeb65fb8fd92fb24e4e6,339
004,MiFish,c0384ad94af9133bfca8aeb65fb8fd92fb24e4e6,83
095,MiFish,c0384ad94af9133bfca8aeb65fb8fd92fb24e4e6,281
069,MiFish,c0384ad94af9133bfca8aeb65fb8fd92fb24e4e6,63
091,MiFish,c0384ad94af9133bfca8aeb65fb8fd92fb24e4e6,211
103,MiFish,c0384ad94af9133bfca8aeb65fb8fd92fb24e4e6,80
014,MiFish,c0384ad94af9133bfca8aeb65fb8fd92fb24e4e6,9088
017,MiFish,c0384ad94af9133bfca8aeb65fb8fd92fb24e4e6,181
102,MiFish,c0384ad94af9133bfca8aeb65fb8fd92fb24e4e6,87
080,MiFish,c0384ad94af9133bfca8aeb65fb8fd92fb24e4e6,732
083,MiFish,c0384ad94af9133bfca8aeb65fb8fd92fb24e4e6,628
128,MiFish,ff6c68658d1a04a6161acfb41e45ea9183cc4ca3,28
001,MiFish,aa59062aed8d764a52ead5c2293d4950002d5bca,4085
053,MiFish,aa59062aed8d764a52ead5c2293d4950002d5bca,23701
133,MiFish,aa59062aed8d764a52ead5c2293d4950002d5bca,4733
088,MiFish,aa59062aed8d764a52ead5c2293d4950002d5bca,1031
092,MiFish,aa59062aed8d764a52ead5c2293d4950002d5bca,409
132,MiFish,aa59062aed8d764a52ead5c2293d4950002d5bca,5444
103,MiFish,aa59062aed8d764a52ead5c2293d4950002d5bca,388
004,MiFish,aa59062aed8d764a52ead5c2293d4950002d5bca,856
090,MiFish,aa59062aed8d764a52ead5c2293d4950002d5bca,662
055,MiFish,aa59062aed8d764a52ead5c2293d4950002d5bca,1130
070,MiFish,aa59062aed8d764a52ead5c2293d4950002d5bca,533
127,MiFish,aa59062aed8d764a52ead5c2293d4950002d5bca,2603
113,MiFish,aa59062aed8d764a52ead5c2293d4950002d5bca,4246
089,MiFish,aa59062aed8d764a52ead5c2293d4950002d5bca,8057
010,MiFish,aa59062aed8d764a52ead5c2293d4950002d5bca,1849
018,MiFish,aa59062aed8d764a52ead5c2293d4950002d5bca,2313
110,MiFish,aa59062aed8d764a52ead5c2293d4950002d5bca,648
002,MiFish,aa59062aed8d764a52ead5c2293d4950002d5bca,4742
060,MiFish,aa59062aed8d764a52ead5c2293d4950002d5bca,1546
043,MiFish,aa59062aed8d764a52ead5c2293d4950002d5bca,3856
131,MiFish,aa59062aed8d764a52ead5c2293d4950002d5bca,11887
095,MiFish,aa59062aed8d764a52ead5c2293d4950002d5bca,618
094,MiFish,aa59062aed8d764a52ead5c2293d4950002d5bca,687
128,MiFish,aa59062aed8d764a52ead5c2293d4950002d5bca,1930
071,MiFish,aa59062aed8d764a52ead5c2293d4950002d5bca,259
042,MiFish,aa59062aed8d764a52ead5c2293d4950002d5bca,6463
056,MiFish,aa59062aed8d764a52ead5c2293d4950002d5bca,2025
003,MiFish,aa59062aed8d764a52ead5c2293d4950002d5bca,1003
044,MiFish,aa59062aed8d764a52ead5c2293d4950002d5bca,1932
123,MiFish,aa59062aed8d764a52ead5c2293d4950002d5bca,2418
083,MiFish,aa59062aed8d764a52ead5c2293d4950002d5bca,879
017,MiFish,aa59062aed8d764a52ead5c2293d4950002d5bca,510
019,MiFish,aa59062aed8d764a52ead5c2293d4950002d5bca,7197
100,MiFish,aa59062aed8d764a52ead5c2293d4950002d5bca,794
032,MiFish,aa59062aed8d764a52ead5c2293d4950002d5bca,7471
072,MiFish,aa59062aed8d764a52ead5c2293d4950002d5bca,631
021,MiFish,aa59062aed8d764a52ead5c2293d4950002d5bca,13545
097,MiFish,aa59062aed8d764a52ead5c2293d4950002d5bca,3964
124,MiFish,aa59062aed8d764a52ead5c2293d4950002d5bca,2690
079,MiFish,aa59062aed8d764a52ead5c2293d4950002d5bca,430
035,MiFish,aa59062aed8d764a52ead5c2293d4950002d5bca,2238
078,MiFish,aa59062aed8d764a52ead5c2293d4950002d5bca,619
006,MiFish,aa59062aed8d764a52ead5c2293d4950002d5bca,36383
066,MiFish,aa59062aed8d764a52ead5c2293d4950002d5bca,26
031,MiFish,aa59062aed8d764a52ead5c2293d4950002d5bca,6068
007,MiFish,aa59062aed8d764a52ead5c2293d4950002d5bca,3252
045,MiFish,aa59062aed8d764a52ead5c2293d4950002d5bca,1617
096,MiFish,aa59062aed8d764a52ead5c2293d4950002d5bca,1943
046,MiFish,aa59062aed8d764a52ead5c2293d4950002d5bca,997
116,MiFish,aa59062aed8d764a52ead5c2293d4950002d5bca,341
069,MiFish,aa59062aed8d764a52ead5c2293d4950002d5bca,373
009,MiFish,aa59062aed8d764a52ead5c2293d4950002d5bca,1615
118,MiFish,aa59062aed8d764a52ead5c2293d4950002d5bca,3388
102,MiFish,aa59062aed8d764a52ead5c2293d4950002d5bca,486
087,MiFish,aa59062aed8d764a52ead5c2293d4950002d5bca,1410
077,MiFish,aa59062aed8d764a52ead5c2293d4950002d5bca,234
091,MiFish,aa59062aed8d764a52ead5c2293d4950002d5bca,385
101,MiFish,aa59062aed8d764a52ead5c2293d4950002d5bca,199
080,MiFish,aa59062aed8d764a52ead5c2293d4950002d5bca,3090
033,MiFish,aa59062aed8d764a52ead5c2293d4950002d5bca,5547
103,MiFish,83ad4f6ad3af3091280d39d5561fe851b8807b8e,2
003,MiFish,03996de5572e82192df912cec45cfbcb40b3eb0e,5
001,MiFish,9ab72521fc8bce88f698fea7aee0d1538277a98b,52
013,MiFish,31907b3fe9b99d65656ee72d7d600ad372762b63,1224
103,MiFish,31907b3fe9b99d65656ee72d7d600ad372762b63,97
106,MiFish,31907b3fe9b99d65656ee72d7d600ad372762b63,1382
001,MiFish,31907b3fe9b99d65656ee72d7d600ad372762b63,1366
010,MiFish,194fabcbf671bf16b2837ef3bf5de2ed16800b59,752
128,MiFish,194fabcbf671bf16b2837ef3bf5de2ed16800b59,42
057,MiFish,4488b561af1b651a2c4500300bbe2e4e047d2825,1061
