"Sample_name","Label","Hash","nReads"
"BAJA_12","MiFish","21e5040375a8680ea6d455b0ea28bd335ba4d12a",2125
"BAJA_60","MiFish","8d7903f3e6b28f135537408d184452f9b342e821",40
"BAJA_30","MiFish","4749db1a615838f181985acec7488b7aa94a2c5d",13
"BAJA_91","MiFish","461c08749136c4b89301dda77c3ad4ba3882d184",11
"BAJA_121","MiFish","e7cc4dbff140e97c92e5678588a8ab74bb59e259",6
"BAJA_46","MiFish","341e828f57c09e0257b58a77fa9175794dd3ff9e",3
"BAJA_52","MiFish","82de1a2969cfdda38a4962024c01a17bf1410e06",4
"BAJA_89","MiFish","dca6e3dfb7be64cb09f9b1938d41a9d0ea3c3781",3
"BAJA_121","MiFish","625e0e19cd0553fa20471d1e98a99e486cff10db",35
"BAJA_12","MiFish","6907c9cf745c499367b530cfaf313f0f0ebd7472",10
"BAJA_48","MiFish","e287ebe60cb5f18752147adaa57c66707daf567e",14
"BAJA_5","MiFish","853cc673da6b2b703d601d6fb8b548754f51e034",5
"BAJA_5","MiFish","c4c436c01ba286f5f3ce68326e23737dc8980333",4
"BAJA_39","MiFish","72a48f432e9e484cfd2954850c5f8d35110071cc",63
"BAJA_15","MiFish","cf79e0e9c5bc571901ed60ceb9d8054f763705b9",30
"BAJA_75","MiFish","7c40e121d6ef008129b12db8ce77e96b46157291",11
"BAJA_63","MiFish","7c40e121d6ef008129b12db8ce77e96b46157291",13
"BAJA_29","MiFish","2aa7a16a52886cb25dd3cfb95fe56dc96d809f0f",8
"BAJA_16","MiFish","2aa7a16a52886cb25dd3cfb95fe56dc96d809f0f",24
"BAJA_14","MiFish","2aa7a16a52886cb25dd3cfb95fe56dc96d809f0f",26
"BAJA_53","MiFish","27efaffcf1f1067d351fff760cda0de424469083",13
"BAJA_56","MiFish","27efaffcf1f1067d351fff760cda0de424469083",14
"BAJA_80","MiFish","27efaffcf1f1067d351fff760cda0de424469083",8
"BAJA_131","MiFish","27efaffcf1f1067d351fff760cda0de424469083",20
"BAJA_128","MiFish","27efaffcf1f1067d351fff760cda0de424469083",13
"BAJA_48","MiFish","f95072de80d0edf8579e02445893ada121b753aa",18
"BAJA_29","MiFish","e1a9f0a87cd792f72a27cb73dfbcd822890ac590",10
"BAJA_75","MiFish","e1a9f0a87cd792f72a27cb73dfbcd822890ac590",9
"BAJA_52","MiFish","e1a9f0a87cd792f72a27cb73dfbcd822890ac590",29
"BAJA_57","MiFish","465dc0bc03bd96cf4181516f7d21a030ca53ec29",15
"BAJA_3","MiFish","892e0faa3b642999c614b1b2257a6467ef6d3986",15
"BAJA_87","MiFish","892e0faa3b642999c614b1b2257a6467ef6d3986",15
"BAJA_103","MiFish","892e0faa3b642999c614b1b2257a6467ef6d3986",11
"BAJA_128","MiFish","892e0faa3b642999c614b1b2257a6467ef6d3986",13
"BAJA_39","MiFish","892e0faa3b642999c614b1b2257a6467ef6d3986",17
"BAJA_82","MiFish","7f1647d257697565ff0cf3520171b71c0eb77d98",12
"BAJA_39","MiFish","390fb06ea2c99b7d29490a7a59ae027294234bfa",12
"BAJA_16","MiFish","7aff70bda9622f2c7f57d7451060ebc2b88b0400",88
"BAJA_121","MiFish","ca16d821bf81e09b219efefcec4dc7f6157beea7",7
"BAJA_16","MiFish","2b05fa4de8855e6150039f2df40e1b4631e3d4fc",19
"BAJA_16","MiFish","e7dd293a71db95cd8ad6eaad6cc6ab4c3148ea45",342
"BAJA_80","MiFish","a82d1dea7447d2f72fd3470710e29a20f12501a3",36
"BAJA_52","MiFish","d87c7a186f7a7457f2d9ba32f974af5f1dd80013",77
"BAJA_15","MiFish","d87c7a186f7a7457f2d9ba32f974af5f1dd80013",310
"BAJA_55","MiFish","d87c7a186f7a7457f2d9ba32f974af5f1dd80013",201
"BAJA_18","MiFish","03fff27e391e67a5471ca9306980ba27068e67a9",20
"BAJA_16","MiFish","03fff27e391e67a5471ca9306980ba27068e67a9",76
"BAJA_58","MiFish","03fff27e391e67a5471ca9306980ba27068e67a9",14
"BAJA_80","MiFish","03fff27e391e67a5471ca9306980ba27068e67a9",26
"BAJA_9","MiFish","03fff27e391e67a5471ca9306980ba27068e67a9",10
"BAJA_14","MiFish","03fff27e391e67a5471ca9306980ba27068e67a9",11
"BAJA_11","MiFish","03fff27e391e67a5471ca9306980ba27068e67a9",40
"BAJA_1","MiFish","d08c983ae436953ee38723109aa249b2167a27e5",14
"BAJA_29","MiFish","f4e4bbfc5921ac9fe47b748e093eb136f6750fac",15
"BAJA_9","MiFish","a3342a88570571ac0fffd8804c3f3fdca7d74ec8",9
"BAJA_95","MiFish","a3342a88570571ac0fffd8804c3f3fdca7d74ec8",15
"BAJA_17","MiFish","a3342a88570571ac0fffd8804c3f3fdca7d74ec8",12
"BAJA_39","MiFish","a3342a88570571ac0fffd8804c3f3fdca7d74ec8",42
"BAJA_121","MiFish","a3342a88570571ac0fffd8804c3f3fdca7d74ec8",33
"BAJA_5","MiFish","1f55034a0513fa3a8115ed6d3d961d0310bd71cb",19
"BAJA_75","MiFish","1f55034a0513fa3a8115ed6d3d961d0310bd71cb",13
"BAJA_58","MiFish","1f55034a0513fa3a8115ed6d3d961d0310bd71cb",17
"BAJA_12","MiFish","a355245b8b528fe8343c72c5200ea74ab38f39fc",28
"BAJA_67","MiFish","d13481f9ba08b1f059e7361d76c8661d4f244388",40
"BAJA_75","MiFish","f3ed9eeaf7cc17b8dc1bc722f947e258ae6d1257",17
"BAJA_11","MiFish","f3ed9eeaf7cc17b8dc1bc722f947e258ae6d1257",35
"BAJA_75","MiFish","d99c2ae5e4bf38fb2c7afd6f0c5c108625ed01d1",15
"BAJA_63","MiFish","5ac8cfa5390f5d25eeebf5a762b3a58d537283f8",44
"BAJA_31","MiFish","b270e78263405e65efb482ee422f3d139d2d3db5",29
"BAJA_89","MiFish","b270e78263405e65efb482ee422f3d139d2d3db5",20
"BAJA_56","MiFish","b270e78263405e65efb482ee422f3d139d2d3db5",19
"BAJA_48","MiFish","6b28bb155e1c46d1c0aa8a38ad6302978447cd88",38
"BAJA_16","MiFish","6631fcf80ec84d761f6486102ae0fc754248402a",46
"BAJA_31","MiFish","6631fcf80ec84d761f6486102ae0fc754248402a",21
"BAJA_12","MiFish","6631fcf80ec84d761f6486102ae0fc754248402a",29
"BAJA_58","MiFish","6631fcf80ec84d761f6486102ae0fc754248402a",48
"BAJA_57","MiFish","0515962b988db48e41f7ad7e8f2e6cb79a1da5d3",19
"BAJA_27","MiFish","b273aab0628662d9f7481871abb3c26bd4affd99",19
"BAJA_11","MiFish","0a8c7e8958bf046ba65b8208feb8a8a7f3c96d79",29
"BAJA_65","MiFish","0a8c7e8958bf046ba65b8208feb8a8a7f3c96d79",12
"BAJA_70","MiFish","a453581f1f9633b4192b10baeee882dc08d8db8f",15
"BAJA_9","MiFish","a453581f1f9633b4192b10baeee882dc08d8db8f",19
"BAJA_80","MiFish","a453581f1f9633b4192b10baeee882dc08d8db8f",40
"BAJA_50","MiFish","bb9852c9086a7c33ff7b6f22471ba8648b6bd9be",17
"BAJA_82","MiFish","bb9852c9086a7c33ff7b6f22471ba8648b6bd9be",12
"BAJA_39","MiFish","a9e82f550cfb81ce3c8287bbf1f6605395920cf1",52
"BAJA_124","MiFish","a9e82f550cfb81ce3c8287bbf1f6605395920cf1",16
"BAJA_2","MiFish","a9e82f550cfb81ce3c8287bbf1f6605395920cf1",22
"BAJA_100","MiFish","ee8effd3a61c8b2a415dc88792fd7ca8a6920f79",30
"BAJA_35","MiFish","1922c29c77dc41ef5475a8431baee91bc6c05f6f",1505
"BAJA_25","MiFish","86da54a901740707a138473c349cef896f117a1c",2746
"BAJA_16","MiFish","59309486d84462893840a85fbdc4aeff89a26639",2
"BAJA_9","MiFish","6168b0cd07f205fce5819cc836c2579d6871de93",60
"BAJA_87","MiFish","6168b0cd07f205fce5819cc836c2579d6871de93",64
"BAJA_23","MiFish","64c44b52d311c1326676036ca71567384afb01a8",6788
"BAJA_28","MiFish","45df387faf439e846ea4371c60090d212d449ff5",6
"BAJA_46","MiFish","a22f2d13e8b9a44f4b5f9d2370c15ed23263275b",442
"BAJA_11","MiFish","9395453e45fd7d6a08ddc4e44d6c733556f12442",914
"BAJA_4","MiFish","9395453e45fd7d6a08ddc4e44d6c733556f12442",88
"BAJA_52","MiFish","9395453e45fd7d6a08ddc4e44d6c733556f12442",1763
"BAJA_77","MiFish","9395453e45fd7d6a08ddc4e44d6c733556f12442",302
"BAJA_16","MiFish","9395453e45fd7d6a08ddc4e44d6c733556f12442",25037
"BAJA_49","MiFish","9395453e45fd7d6a08ddc4e44d6c733556f12442",3134
"BAJA_51","MiFish","9395453e45fd7d6a08ddc4e44d6c733556f12442",3902
"BAJA_76","MiFish","9395453e45fd7d6a08ddc4e44d6c733556f12442",2330
"BAJA_69","MiFish","9395453e45fd7d6a08ddc4e44d6c733556f12442",10
"BAJA_46","MiFish","9395453e45fd7d6a08ddc4e44d6c733556f12442",377
"BAJA_17","MiFish","9395453e45fd7d6a08ddc4e44d6c733556f12442",49
"BAJA_118","MiFish","9395453e45fd7d6a08ddc4e44d6c733556f12442",1889
"BAJA_4","MiFish","0d79b933864bb85e6d085f5958fa0731ccac4f04",86
"BAJA_3","MiFish","1f121efc9dfb0617ac7ed44e8332a09dffcd7e40",73
"BAJA_80","MiFish","53aa05ab93205be68a89273527eea8c344f138d2",9
"BAJA_118","MiFish","f890c05925400fa5c31d090422bd25ffc1dbb2d2",49
"BAJA_42","MiFish","ddf5d8f01c176ab003be35dd8935dab512bf36c1",82
"BAJA_58","MiFish","ddf5d8f01c176ab003be35dd8935dab512bf36c1",31
"BAJA_16","MiFish","ddf5d8f01c176ab003be35dd8935dab512bf36c1",146
"BAJA_94","MiFish","ddf5d8f01c176ab003be35dd8935dab512bf36c1",42
"BAJA_52","MiFish","ddf5d8f01c176ab003be35dd8935dab512bf36c1",68
"BAJA_4","MiFish","ddf5d8f01c176ab003be35dd8935dab512bf36c1",4
"BAJA_123","MiFish","ddf5d8f01c176ab003be35dd8935dab512bf36c1",10
"BAJA_75","MiFish","ddf5d8f01c176ab003be35dd8935dab512bf36c1",47
"BAJA_56","MiFish","ddf5d8f01c176ab003be35dd8935dab512bf36c1",27
"BAJA_127","MiFish","ddf5d8f01c176ab003be35dd8935dab512bf36c1",82
"BAJA_52","MiFish","75bd82775db1ff8b93d7cce8b1e81935f84f8d78",167
"BAJA_27","MiFish","75bd82775db1ff8b93d7cce8b1e81935f84f8d78",315
"BAJA_131","MiFish","75bd82775db1ff8b93d7cce8b1e81935f84f8d78",524
"BAJA_35","MiFish","a0b136cf0c8acdc9ea6ef33ad743d03140bbd58f",521
"BAJA_110","MiFish","a0b136cf0c8acdc9ea6ef33ad743d03140bbd58f",10
"BAJA_16","MiFish","a0b136cf0c8acdc9ea6ef33ad743d03140bbd58f",567
"BAJA_44","MiFish","a0b136cf0c8acdc9ea6ef33ad743d03140bbd58f",19
"BAJA_27","MiFish","6634733d917ef2fc77dd7e1780deb0c7f70bbb54",1606
"BAJA_28","MiFish","6634733d917ef2fc77dd7e1780deb0c7f70bbb54",1535
"BAJA_121","MiFish","6634733d917ef2fc77dd7e1780deb0c7f70bbb54",109
"BAJA_6","MiFish","6634733d917ef2fc77dd7e1780deb0c7f70bbb54",306
"BAJA_128","MiFish","052d18a1a6f40077add20bb33ad60dfadcfb86fb",143
"BAJA_30","MiFish","052d18a1a6f40077add20bb33ad60dfadcfb86fb",49
"BAJA_63","MiFish","052d18a1a6f40077add20bb33ad60dfadcfb86fb",5
"BAJA_93","MiFish","052d18a1a6f40077add20bb33ad60dfadcfb86fb",449
"BAJA_9","MiFish","052d18a1a6f40077add20bb33ad60dfadcfb86fb",40
"BAJA_70","MiFish","052d18a1a6f40077add20bb33ad60dfadcfb86fb",294
"BAJA_112","MiFish","052d18a1a6f40077add20bb33ad60dfadcfb86fb",310
"BAJA_60","MiFish","052d18a1a6f40077add20bb33ad60dfadcfb86fb",25
"BAJA_1","MiFish","052d18a1a6f40077add20bb33ad60dfadcfb86fb",180
"BAJA_52","MiFish","052d18a1a6f40077add20bb33ad60dfadcfb86fb",96
"BAJA_95","MiFish","052d18a1a6f40077add20bb33ad60dfadcfb86fb",472
"BAJA_43","MiFish","052d18a1a6f40077add20bb33ad60dfadcfb86fb",692
"BAJA_84","MiFish","052d18a1a6f40077add20bb33ad60dfadcfb86fb",96
"BAJA_12","MiFish","e65f511d819ef32a2941c6d56d076a8616b71c25",26
"BAJA_45","MiFish","e65f511d819ef32a2941c6d56d076a8616b71c25",69
"BAJA_67","MiFish","e65f511d819ef32a2941c6d56d076a8616b71c25",34
"BAJA_6","MiFish","e65f511d819ef32a2941c6d56d076a8616b71c25",71
"BAJA_90","MiFish","e65f511d819ef32a2941c6d56d076a8616b71c25",66
"BAJA_67","MiFish","d6f69979e2e7c50e468fdb7a4ad00eb8296b8bf9",226
"BAJA_69","MiFish","d6f69979e2e7c50e468fdb7a4ad00eb8296b8bf9",81
"BAJA_96","MiFish","d6f69979e2e7c50e468fdb7a4ad00eb8296b8bf9",55
"BAJA_101","MiFish","d6f69979e2e7c50e468fdb7a4ad00eb8296b8bf9",140
"BAJA_11","MiFish","d6f69979e2e7c50e468fdb7a4ad00eb8296b8bf9",213
"BAJA_125","MiFish","d6f69979e2e7c50e468fdb7a4ad00eb8296b8bf9",586
"BAJA_76","MiFish","d6f69979e2e7c50e468fdb7a4ad00eb8296b8bf9",152
"BAJA_5","MiFish","d6f69979e2e7c50e468fdb7a4ad00eb8296b8bf9",827
"BAJA_123","MiFish","d6f69979e2e7c50e468fdb7a4ad00eb8296b8bf9",520
"BAJA_18","MiFish","d6f69979e2e7c50e468fdb7a4ad00eb8296b8bf9",1897
"BAJA_14","MiFish","d6f69979e2e7c50e468fdb7a4ad00eb8296b8bf9",297
"BAJA_107","MiFish","d6f69979e2e7c50e468fdb7a4ad00eb8296b8bf9",55
"BAJA_55","MiFish","d6f69979e2e7c50e468fdb7a4ad00eb8296b8bf9",211
"BAJA_71","MiFish","d6f69979e2e7c50e468fdb7a4ad00eb8296b8bf9",254
"BAJA_73","MiFish","d6f69979e2e7c50e468fdb7a4ad00eb8296b8bf9",2759
"BAJA_9","MiFish","d6f69979e2e7c50e468fdb7a4ad00eb8296b8bf9",451
"BAJA_42","MiFish","d6f69979e2e7c50e468fdb7a4ad00eb8296b8bf9",15
"BAJA_104","MiFish","d6f69979e2e7c50e468fdb7a4ad00eb8296b8bf9",156
"BAJA_124","MiFish","d6f69979e2e7c50e468fdb7a4ad00eb8296b8bf9",35
"BAJA_65","MiFish","d6f69979e2e7c50e468fdb7a4ad00eb8296b8bf9",94
"BAJA_62","MiFish","d6f69979e2e7c50e468fdb7a4ad00eb8296b8bf9",46
"BAJA_7","MiFish","d6f69979e2e7c50e468fdb7a4ad00eb8296b8bf9",466
"BAJA_21","MiFish","d6f69979e2e7c50e468fdb7a4ad00eb8296b8bf9",229
"BAJA_44","MiFish","d6f69979e2e7c50e468fdb7a4ad00eb8296b8bf9",552
"BAJA_31","MiFish","d6f69979e2e7c50e468fdb7a4ad00eb8296b8bf9",100
"BAJA_116","MiFish","d6f69979e2e7c50e468fdb7a4ad00eb8296b8bf9",14
"BAJA_88","MiFish","d6f69979e2e7c50e468fdb7a4ad00eb8296b8bf9",1944
"BAJA_6","MiFish","d6f69979e2e7c50e468fdb7a4ad00eb8296b8bf9",791
"BAJA_110","MiFish","d6f69979e2e7c50e468fdb7a4ad00eb8296b8bf9",324
"BAJA_77","MiFish","d6f69979e2e7c50e468fdb7a4ad00eb8296b8bf9",78
"BAJA_58","MiFish","d6f69979e2e7c50e468fdb7a4ad00eb8296b8bf9",1584
"BAJA_80","MiFish","d6f69979e2e7c50e468fdb7a4ad00eb8296b8bf9",138
"BAJA_43","MiFish","d6f69979e2e7c50e468fdb7a4ad00eb8296b8bf9",669
"BAJA_61","MiFish","d6f69979e2e7c50e468fdb7a4ad00eb8296b8bf9",417
"BAJA_79","MiFish","d6f69979e2e7c50e468fdb7a4ad00eb8296b8bf9",526
"BAJA_94","MiFish","d6f69979e2e7c50e468fdb7a4ad00eb8296b8bf9",438
"BAJA_41","MiFish","d6f69979e2e7c50e468fdb7a4ad00eb8296b8bf9",2355
"BAJA_12","MiFish","d6f69979e2e7c50e468fdb7a4ad00eb8296b8bf9",336
"BAJA_10","MiFish","d6f69979e2e7c50e468fdb7a4ad00eb8296b8bf9",651
"BAJA_93","MiFish","d6f69979e2e7c50e468fdb7a4ad00eb8296b8bf9",879
"BAJA_75","MiFish","d6f69979e2e7c50e468fdb7a4ad00eb8296b8bf9",389
"BAJA_114","MiFish","d6f69979e2e7c50e468fdb7a4ad00eb8296b8bf9",733
"BAJA_3","MiFish","d6f69979e2e7c50e468fdb7a4ad00eb8296b8bf9",65
"BAJA_82","MiFish","d6f69979e2e7c50e468fdb7a4ad00eb8296b8bf9",1424
"BAJA_108","MiFish","d6f69979e2e7c50e468fdb7a4ad00eb8296b8bf9",1065
"BAJA_128","MiFish","d6f69979e2e7c50e468fdb7a4ad00eb8296b8bf9",172
"BAJA_57","MiFish","d6f69979e2e7c50e468fdb7a4ad00eb8296b8bf9",132
"BAJA_95","MiFish","d6f69979e2e7c50e468fdb7a4ad00eb8296b8bf9",48
"BAJA_117","MiFish","d6f69979e2e7c50e468fdb7a4ad00eb8296b8bf9",14
"BAJA_4","MiFish","d6f69979e2e7c50e468fdb7a4ad00eb8296b8bf9",182
"BAJA_38","MiFish","d6f69979e2e7c50e468fdb7a4ad00eb8296b8bf9",7
"BAJA_99","MiFish","d6f69979e2e7c50e468fdb7a4ad00eb8296b8bf9",101
"BAJA_53","MiFish","d6f69979e2e7c50e468fdb7a4ad00eb8296b8bf9",235
"BAJA_86","MiFish","d6f69979e2e7c50e468fdb7a4ad00eb8296b8bf9",927
"BAJA_48","MiFish","d6f69979e2e7c50e468fdb7a4ad00eb8296b8bf9",12
"BAJA_15","MiFish","d6f69979e2e7c50e468fdb7a4ad00eb8296b8bf9",617
"BAJA_132","MiFish","d6f69979e2e7c50e468fdb7a4ad00eb8296b8bf9",464
"BAJA_29","MiFish","d6f69979e2e7c50e468fdb7a4ad00eb8296b8bf9",340
"BAJA_72","MiFish","d6f69979e2e7c50e468fdb7a4ad00eb8296b8bf9",3
"BAJA_103","MiFish","d6f69979e2e7c50e468fdb7a4ad00eb8296b8bf9",207
"BAJA_56","MiFish","d6f69979e2e7c50e468fdb7a4ad00eb8296b8bf9",3250
"BAJA_46","MiFish","d6f69979e2e7c50e468fdb7a4ad00eb8296b8bf9",24
"BAJA_52","MiFish","d6f69979e2e7c50e468fdb7a4ad00eb8296b8bf9",438
"BAJA_90","MiFish","d6f69979e2e7c50e468fdb7a4ad00eb8296b8bf9",463
"BAJA_8","MiFish","d6f69979e2e7c50e468fdb7a4ad00eb8296b8bf9",2
"BAJA_51","MiFish","d6f69979e2e7c50e468fdb7a4ad00eb8296b8bf9",307
"BAJA_13","MiFish","d6f69979e2e7c50e468fdb7a4ad00eb8296b8bf9",147
"BAJA_64","MiFish","d6f69979e2e7c50e468fdb7a4ad00eb8296b8bf9",55
"BAJA_16","MiFish","d6f69979e2e7c50e468fdb7a4ad00eb8296b8bf9",12068
"BAJA_100","MiFish","d6f69979e2e7c50e468fdb7a4ad00eb8296b8bf9",264
"BAJA_84","MiFish","d6f69979e2e7c50e468fdb7a4ad00eb8296b8bf9",68
"BAJA_105","MiFish","d6f69979e2e7c50e468fdb7a4ad00eb8296b8bf9",5
"BAJA_47","MiFish","d6f69979e2e7c50e468fdb7a4ad00eb8296b8bf9",4041
"BAJA_102","MiFish","d6f69979e2e7c50e468fdb7a4ad00eb8296b8bf9",491
"BAJA_122","MiFish","d6f69979e2e7c50e468fdb7a4ad00eb8296b8bf9",1196
"BAJA_35","MiFish","d6f69979e2e7c50e468fdb7a4ad00eb8296b8bf9",8
"BAJA_129","MiFish","d6f69979e2e7c50e468fdb7a4ad00eb8296b8bf9",2359
"BAJA_85","MiFish","d6f69979e2e7c50e468fdb7a4ad00eb8296b8bf9",29
"BAJA_34","MiFish","d6f69979e2e7c50e468fdb7a4ad00eb8296b8bf9",3088
"BAJA_113","MiFish","d6f69979e2e7c50e468fdb7a4ad00eb8296b8bf9",215
"BAJA_121","MiFish","d6f69979e2e7c50e468fdb7a4ad00eb8296b8bf9",538
"BAJA_118","MiFish","d6f69979e2e7c50e468fdb7a4ad00eb8296b8bf9",507
"BAJA_2","MiFish","d6f69979e2e7c50e468fdb7a4ad00eb8296b8bf9",41
"BAJA_78","MiFish","d6f69979e2e7c50e468fdb7a4ad00eb8296b8bf9",372
"BAJA_131","MiFish","d6f69979e2e7c50e468fdb7a4ad00eb8296b8bf9",612
"BAJA_33","MiFish","d6f69979e2e7c50e468fdb7a4ad00eb8296b8bf9",1341
"BAJA_37","MiFish","d6f69979e2e7c50e468fdb7a4ad00eb8296b8bf9",60
"BAJA_134","MiFish","d6f69979e2e7c50e468fdb7a4ad00eb8296b8bf9",331
"BAJA_54","MiFish","d6f69979e2e7c50e468fdb7a4ad00eb8296b8bf9",2152
"BAJA_89","MiFish","d6f69979e2e7c50e468fdb7a4ad00eb8296b8bf9",80
"BAJA_45","MiFish","d6f69979e2e7c50e468fdb7a4ad00eb8296b8bf9",1823
"BAJA_28","MiFish","d6f69979e2e7c50e468fdb7a4ad00eb8296b8bf9",32
"BAJA_87","MiFish","d6f69979e2e7c50e468fdb7a4ad00eb8296b8bf9",563
"BAJA_83","MiFish","d6f69979e2e7c50e468fdb7a4ad00eb8296b8bf9",277
"BAJA_17","MiFish","d6f69979e2e7c50e468fdb7a4ad00eb8296b8bf9",283
"BAJA_57","MiFish","ded861116231893e954603362542d98d7d0cdc7f",139
"BAJA_39","MiFish","ded861116231893e954603362542d98d7d0cdc7f",10
"BAJA_54","MiFish","2c3826cc61e3a0a0bd977888551b19b77a34b9e9",56
"BAJA_56","MiFish","fa65daba1e94d3eea62ec8f7939f85e909ba4a40",37
"BAJA_17","MiFish","d0443eaf874b07f108fffb9356f9e2ac265eab31",46
"BAJA_1","MiFish","5b0bb764101ccfeb5228e44218865ac2f2a5d4be",299
"BAJA_129","MiFish","5b0bb764101ccfeb5228e44218865ac2f2a5d4be",220
"BAJA_128","MiFish","5b0bb764101ccfeb5228e44218865ac2f2a5d4be",157
"BAJA_6","MiFish","5b0bb764101ccfeb5228e44218865ac2f2a5d4be",26
"BAJA_78","MiFish","5b0bb764101ccfeb5228e44218865ac2f2a5d4be",5
"BAJA_77","MiFish","5b0bb764101ccfeb5228e44218865ac2f2a5d4be",5
"BAJA_5","MiFish","5b0bb764101ccfeb5228e44218865ac2f2a5d4be",5026
"BAJA_82","MiFish","5b0bb764101ccfeb5228e44218865ac2f2a5d4be",17
"BAJA_127","MiFish","5b0bb764101ccfeb5228e44218865ac2f2a5d4be",66
"BAJA_76","MiFish","5b0bb764101ccfeb5228e44218865ac2f2a5d4be",6
"BAJA_72","MiFish","5b0bb764101ccfeb5228e44218865ac2f2a5d4be",309
"BAJA_51","MiFish","5b0bb764101ccfeb5228e44218865ac2f2a5d4be",119
"BAJA_117","MiFish","5b0bb764101ccfeb5228e44218865ac2f2a5d4be",6
"BAJA_133","MiFish","5b0bb764101ccfeb5228e44218865ac2f2a5d4be",1112
"BAJA_122","MiFish","5b0bb764101ccfeb5228e44218865ac2f2a5d4be",495
"BAJA_52","MiFish","5b0bb764101ccfeb5228e44218865ac2f2a5d4be",633
"BAJA_75","MiFish","5b0bb764101ccfeb5228e44218865ac2f2a5d4be",135
"BAJA_7","MiFish","5b0bb764101ccfeb5228e44218865ac2f2a5d4be",875
"BAJA_33","MiFish","5b0bb764101ccfeb5228e44218865ac2f2a5d4be",718
"BAJA_131","MiFish","5b0bb764101ccfeb5228e44218865ac2f2a5d4be",52
"BAJA_80","MiFish","5b0bb764101ccfeb5228e44218865ac2f2a5d4be",356
"BAJA_81","MiFish","5b0bb764101ccfeb5228e44218865ac2f2a5d4be",663
"BAJA_84","MiFish","5b0bb764101ccfeb5228e44218865ac2f2a5d4be",836
"BAJA_2","MiFish","5b0bb764101ccfeb5228e44218865ac2f2a5d4be",1006
"BAJA_110","MiFish","d665a22273eb050425814dad353904c8b09a1f31",81
"BAJA_123","MiFish","ed5e7e50aa64ed93aa7bb93f60e0d0ec95dd2cab",315
"BAJA_83","MiFish","da83c719cc06209b92f6b2c6a335a055a2db77cf",136
"BAJA_101","MiFish","da83c719cc06209b92f6b2c6a335a055a2db77cf",46
"BAJA_3","MiFish","da83c719cc06209b92f6b2c6a335a055a2db77cf",14
"BAJA_72","MiFish","da83c719cc06209b92f6b2c6a335a055a2db77cf",162
"BAJA_17","MiFish","da83c719cc06209b92f6b2c6a335a055a2db77cf",31
"BAJA_102","MiFish","da83c719cc06209b92f6b2c6a335a055a2db77cf",138
"BAJA_103","MiFish","da83c719cc06209b92f6b2c6a335a055a2db77cf",43
"BAJA_16","MiFish","da83c719cc06209b92f6b2c6a335a055a2db77cf",167136
"BAJA_95","MiFish","da83c719cc06209b92f6b2c6a335a055a2db77cf",55
"BAJA_110","MiFish","d1463558602bbd84bea02961a12237b821b43668",82
"BAJA_56","MiFish","9824dfa57536ebe9140fa5396bd8f99b6114a8f0",1192
"BAJA_17","MiFish","c6d586dc78d8ef5cac238cba2d5714407775bd69",1239
"BAJA_87","MiFish","c6d586dc78d8ef5cac238cba2d5714407775bd69",1714
"BAJA_83","MiFish","c6d586dc78d8ef5cac238cba2d5714407775bd69",400
"BAJA_128","MiFish","c6d586dc78d8ef5cac238cba2d5714407775bd69",453
"BAJA_3","MiFish","c6d586dc78d8ef5cac238cba2d5714407775bd69",1150
"BAJA_4","MiFish","c6d586dc78d8ef5cac238cba2d5714407775bd69",627
"BAJA_90","MiFish","c6d586dc78d8ef5cac238cba2d5714407775bd69",594
"BAJA_133","MiFish","c6d586dc78d8ef5cac238cba2d5714407775bd69",3539
"BAJA_88","MiFish","c6d586dc78d8ef5cac238cba2d5714407775bd69",1454
"BAJA_100","MiFish","c6d586dc78d8ef5cac238cba2d5714407775bd69",420
"BAJA_102","MiFish","c6d586dc78d8ef5cac238cba2d5714407775bd69",571
"BAJA_110","MiFish","c6d586dc78d8ef5cac238cba2d5714407775bd69",451
"BAJA_96","MiFish","c6d586dc78d8ef5cac238cba2d5714407775bd69",249
"BAJA_30","MiFish","c6d586dc78d8ef5cac238cba2d5714407775bd69",2839
"BAJA_130","MiFish","c6d586dc78d8ef5cac238cba2d5714407775bd69",1454
"BAJA_71","MiFish","c6d586dc78d8ef5cac238cba2d5714407775bd69",488
"BAJA_80","MiFish","c6d586dc78d8ef5cac238cba2d5714407775bd69",4190
"BAJA_91","MiFish","c6d586dc78d8ef5cac238cba2d5714407775bd69",1633
"BAJA_95","MiFish","c6d586dc78d8ef5cac238cba2d5714407775bd69",2220
"BAJA_70","MiFish","c6d586dc78d8ef5cac238cba2d5714407775bd69",257
"BAJA_66","MiFish","c6d586dc78d8ef5cac238cba2d5714407775bd69",8
"BAJA_79","MiFish","c6d586dc78d8ef5cac238cba2d5714407775bd69",671
"BAJA_46","MiFish","c6d586dc78d8ef5cac238cba2d5714407775bd69",488
"BAJA_9","MiFish","c6d586dc78d8ef5cac238cba2d5714407775bd69",1051
"BAJA_103","MiFish","c6d586dc78d8ef5cac238cba2d5714407775bd69",111
"BAJA_78","MiFish","c6d586dc78d8ef5cac238cba2d5714407775bd69",1251
"BAJA_101","MiFish","c6d586dc78d8ef5cac238cba2d5714407775bd69",602
"BAJA_18","MiFish","c6d586dc78d8ef5cac238cba2d5714407775bd69",1688
"BAJA_11","MiFish","c6d586dc78d8ef5cac238cba2d5714407775bd69",332
"BAJA_69","MiFish","c6d586dc78d8ef5cac238cba2d5714407775bd69",377
"BAJA_94","MiFish","c6d586dc78d8ef5cac238cba2d5714407775bd69",1186
"BAJA_72","MiFish","c6d586dc78d8ef5cac238cba2d5714407775bd69",289
"BAJA_16","MiFish","be342a5a96ee2efd032c7550d640617f887d4c37",993
"BAJA_118","MiFish","7dae49817fac3bd37bd1ab61e10a98b36513016b",174
"BAJA_55","MiFish","552f7ec9297f038ded895bef6caf81c00fc55bf1",847
"BAJA_90","MiFish","edc3e9180a4b9e9bb6bd94c33ba717f97dba326e",446
"BAJA_52","MiFish","edc3e9180a4b9e9bb6bd94c33ba717f97dba326e",255
"BAJA_97","MiFish","64d2b45fdc47fbe1c16005eacb811bf1455f1058",56
"BAJA_100","MiFish","df83221e8a3cc1fda4e41992350a5bcebfb31925",70
"BAJA_128","MiFish","c0e9425a52344086877665cfacdff1c424d83a09",57
"BAJA_132","MiFish","6e90bec51eac173c6ce77eba4da3778a148f2603",449
"BAJA_3","MiFish","e9a4531f5c1bc781414ef8fc447cac210f1920b6",67
"BAJA_110","MiFish","66e95f60970061f7415575f9bfc33eba84873ce3",74
"BAJA_1","MiFish","ebce27be0764d46efb8242705e7c86bdb86f1434",2150
"BAJA_18","MiFish","ebce27be0764d46efb8242705e7c86bdb86f1434",291
"BAJA_94","MiFish","83b8c98f6e2232d211177a1217ecafc668ea2199",80
"BAJA_87","MiFish","3fdf5da8b392958e5974f81cc8af778e7bee0701",57
"BAJA_71","MiFish","c9a702e7c18dc956f9f5e8e8af023dbc3075a886",30
"BAJA_71","MiFish","3a37ccb6bc8e2019307936639c0124d66a9605dd",21
"BAJA_11","MiFish","996c8a2af89ac755fca05c49c21cdefd48eb3f85",490
"BAJA_83","MiFish","c0201f21d30a6f2e4f375a70eec5cf2d5c2632b9",367
"BAJA_87","MiFish","c0201f21d30a6f2e4f375a70eec5cf2d5c2632b9",114
"BAJA_100","MiFish","c0201f21d30a6f2e4f375a70eec5cf2d5c2632b9",130
"BAJA_9","MiFish","c0201f21d30a6f2e4f375a70eec5cf2d5c2632b9",91
"BAJA_122","MiFish","c0201f21d30a6f2e4f375a70eec5cf2d5c2632b9",3939
"BAJA_4","MiFish","77745c3dac7753e1b966707192527d7a1f461bd5",41
"BAJA_4","MiFish","b3c06237cbe75ec62cf4bbbfe2b152192e412b2b",65
"BAJA_101","MiFish","a065d35f53c8e46346f4e88bfca5498dbdcd0dde",75
"BAJA_16","MiFish","7304d402aefb31b65b384723605241eea37717b6",7318
"BAJA_18","MiFish","08628cfcef696aba773e193e770e442ebe0f3246",344
"BAJA_104","MiFish","53abe4a378b78b6b057b2dfcb1ab2257b3043b58",1641
"BAJA_85","MiFish","7fa89c9553d43c8239dbcf8630a951e60e148435",9
"BAJA_105","MiFish","7fa89c9553d43c8239dbcf8630a951e60e148435",6
"BAJA_87","MiFish","8bec9651f9b6d549db2f312e93b4661d5d3c9995",3701
"BAJA_16","MiFish","8bec9651f9b6d549db2f312e93b4661d5d3c9995",21630
"BAJA_66","MiFish","8bec9651f9b6d549db2f312e93b4661d5d3c9995",109
"BAJA_76","MiFish","8bec9651f9b6d549db2f312e93b4661d5d3c9995",3948
"BAJA_83","MiFish","8bec9651f9b6d549db2f312e93b4661d5d3c9995",1477
"BAJA_40","MiFish","8bec9651f9b6d549db2f312e93b4661d5d3c9995",2905
"BAJA_102","MiFish","8bec9651f9b6d549db2f312e93b4661d5d3c9995",1393
"BAJA_55","MiFish","8bec9651f9b6d549db2f312e93b4661d5d3c9995",467
"BAJA_65","MiFish","8bec9651f9b6d549db2f312e93b4661d5d3c9995",1952
"BAJA_7","MiFish","8bec9651f9b6d549db2f312e93b4661d5d3c9995",4885
"BAJA_80","MiFish","8bec9651f9b6d549db2f312e93b4661d5d3c9995",8472
"BAJA_75","MiFish","8bec9651f9b6d549db2f312e93b4661d5d3c9995",756
"BAJA_70","MiFish","8bec9651f9b6d549db2f312e93b4661d5d3c9995",1743
"BAJA_44","MiFish","8bec9651f9b6d549db2f312e93b4661d5d3c9995",2191
"BAJA_124","MiFish","8bec9651f9b6d549db2f312e93b4661d5d3c9995",1674
"BAJA_36","MiFish","8bec9651f9b6d549db2f312e93b4661d5d3c9995",1341
"BAJA_17","MiFish","8bec9651f9b6d549db2f312e93b4661d5d3c9995",2199
"BAJA_88","MiFish","8bec9651f9b6d549db2f312e93b4661d5d3c9995",2514
"BAJA_14","MiFish","8bec9651f9b6d549db2f312e93b4661d5d3c9995",2239
"BAJA_107","MiFish","8bec9651f9b6d549db2f312e93b4661d5d3c9995",1823
"BAJA_60","MiFish","8bec9651f9b6d549db2f312e93b4661d5d3c9995",1333
"BAJA_73","MiFish","8bec9651f9b6d549db2f312e93b4661d5d3c9995",13553
"BAJA_72","MiFish","8bec9651f9b6d549db2f312e93b4661d5d3c9995",707
"BAJA_84","MiFish","8bec9651f9b6d549db2f312e93b4661d5d3c9995",9517
"BAJA_134","MiFish","8bec9651f9b6d549db2f312e93b4661d5d3c9995",1865
"BAJA_45","MiFish","8bec9651f9b6d549db2f312e93b4661d5d3c9995",4135
"BAJA_85","MiFish","8bec9651f9b6d549db2f312e93b4661d5d3c9995",7494
"BAJA_113","MiFish","8bec9651f9b6d549db2f312e93b4661d5d3c9995",1727
"BAJA_30","MiFish","8bec9651f9b6d549db2f312e93b4661d5d3c9995",5658
"BAJA_79","MiFish","8bec9651f9b6d549db2f312e93b4661d5d3c9995",1590
"BAJA_10","MiFish","8bec9651f9b6d549db2f312e93b4661d5d3c9995",1922
"BAJA_6","MiFish","8bec9651f9b6d549db2f312e93b4661d5d3c9995",3699
"BAJA_86","MiFish","8bec9651f9b6d549db2f312e93b4661d5d3c9995",774
"BAJA_11","MiFish","8bec9651f9b6d549db2f312e93b4661d5d3c9995",3201
"BAJA_29","MiFish","8bec9651f9b6d549db2f312e93b4661d5d3c9995",1975
"BAJA_4","MiFish","8bec9651f9b6d549db2f312e93b4661d5d3c9995",2181
"BAJA_35","MiFish","8bec9651f9b6d549db2f312e93b4661d5d3c9995",5823
"BAJA_94","MiFish","8bec9651f9b6d549db2f312e93b4661d5d3c9995",2817
"BAJA_71","MiFish","8bec9651f9b6d549db2f312e93b4661d5d3c9995",989
"BAJA_77","MiFish","8bec9651f9b6d549db2f312e93b4661d5d3c9995",1035
"BAJA_57","MiFish","8bec9651f9b6d549db2f312e93b4661d5d3c9995",1453
"BAJA_46","MiFish","8bec9651f9b6d549db2f312e93b4661d5d3c9995",1063
"BAJA_9","MiFish","8bec9651f9b6d549db2f312e93b4661d5d3c9995",2764
"BAJA_3","MiFish","8bec9651f9b6d549db2f312e93b4661d5d3c9995",2216
"BAJA_96","MiFish","8bec9651f9b6d549db2f312e93b4661d5d3c9995",477
"BAJA_132","MiFish","8bec9651f9b6d549db2f312e93b4661d5d3c9995",3485
"BAJA_103","MiFish","8bec9651f9b6d549db2f312e93b4661d5d3c9995",1499
"BAJA_18","MiFish","8bec9651f9b6d549db2f312e93b4661d5d3c9995",11337
"BAJA_67","MiFish","8bec9651f9b6d549db2f312e93b4661d5d3c9995",61
"BAJA_25","MiFish","8bec9651f9b6d549db2f312e93b4661d5d3c9995",12853
"BAJA_95","MiFish","8bec9651f9b6d549db2f312e93b4661d5d3c9995",4061
"BAJA_97","MiFish","8bec9651f9b6d549db2f312e93b4661d5d3c9995",7
"BAJA_101","MiFish","8bec9651f9b6d549db2f312e93b4661d5d3c9995",1336
"BAJA_116","MiFish","8bec9651f9b6d549db2f312e93b4661d5d3c9995",603
"BAJA_117","MiFish","8bec9651f9b6d549db2f312e93b4661d5d3c9995",7620
"BAJA_78","MiFish","8bec9651f9b6d549db2f312e93b4661d5d3c9995",1937
"BAJA_90","MiFish","8bec9651f9b6d549db2f312e93b4661d5d3c9995",1887
"BAJA_69","MiFish","8bec9651f9b6d549db2f312e93b4661d5d3c9995",1319
"BAJA_118","MiFish","8bec9651f9b6d549db2f312e93b4661d5d3c9995",1143
"BAJA_54","MiFish","8bec9651f9b6d549db2f312e93b4661d5d3c9995",6112
"BAJA_58","MiFish","8bec9651f9b6d549db2f312e93b4661d5d3c9995",1357
"BAJA_34","MiFish","8bec9651f9b6d549db2f312e93b4661d5d3c9995",4682
"BAJA_130","MiFish","8bec9651f9b6d549db2f312e93b4661d5d3c9995",850
"BAJA_110","MiFish","8bec9651f9b6d549db2f312e93b4661d5d3c9995",422
"BAJA_32","MiFish","8bec9651f9b6d549db2f312e93b4661d5d3c9995",2317
"BAJA_91","MiFish","8bec9651f9b6d549db2f312e93b4661d5d3c9995",2571
"BAJA_105","MiFish","8bec9651f9b6d549db2f312e93b4661d5d3c9995",8913
"BAJA_81","MiFish","8bec9651f9b6d549db2f312e93b4661d5d3c9995",6148
"BAJA_128","MiFish","8bec9651f9b6d549db2f312e93b4661d5d3c9995",1207
"BAJA_33","MiFish","8bec9651f9b6d549db2f312e93b4661d5d3c9995",6545
"BAJA_52","MiFish","8bec9651f9b6d549db2f312e93b4661d5d3c9995",284
"BAJA_100","MiFish","8bec9651f9b6d549db2f312e93b4661d5d3c9995",1469
"BAJA_9","MiFish","98637f77f6aa8394536b7d57b750cbaf529a49db",178
"BAJA_110","MiFish","98637f77f6aa8394536b7d57b750cbaf529a49db",70
"BAJA_130","MiFish","bd333f012d9e109ba9c9b02d3ae290d506844033",833
"BAJA_100","MiFish","2de832f7e182c606ad107f0d4dc1f17fc858ce1a",101
"BAJA_132","MiFish","2de832f7e182c606ad107f0d4dc1f17fc858ce1a",613
"BAJA_80","MiFish","79eb1ef788904ced2aa3b96ae2a6f82c3eaa541b",357
"BAJA_79","MiFish","0856b8defbd9b2aedb127ed471ade455138b218f",177
"BAJA_102","MiFish","c912c9ce78bda6474eae2feaa1e13feb690da738",55
"BAJA_100","MiFish","1e774ff94a62a811cc2d58c1adf72ff795c22e8e",60
"BAJA_16","MiFish","dbb79616caf4b0ba157d2cb73733540f6778e862",7665
"BAJA_17","MiFish","23dfee7ee8a4b6cf4abda705992ead15766904c3",72
"BAJA_88","MiFish","e59ce2a89d683bb37756aa6bd362d0a68a7bbb13",281
"BAJA_87","MiFish","e386b7f484f434a88e95cc90347cad16cf40995c",71
"BAJA_34","MiFish","ab9ef96b6f7898b85421a37cb7fc5e3143a6834b",260
"BAJA_134","MiFish","79362f0f2d1fe06f7732197871c73dab8cd1c61f",2756
"BAJA_130","MiFish","bad5dbbaa51e60c82c835777768a7e4556c6c727",800
"BAJA_134","MiFish","cd390d01b1703ed1d5b76b4170629385797bd4f8",4532
"BAJA_78","MiFish","1e736626de95541e4fed3f5d4a3e9fe474f48266",218
"BAJA_110","MiFish","4fe559c1941f74bc30b2d287d6c946277f3778aa",89
"BAJA_110","MiFish","390df26769fdb21f1f4aea86876d05771bf63194",92
"BAJA_80","MiFish","a136d57fab61eb878ffeb64ef561e300e25ad688",316
"BAJA_60","MiFish","005eeb8cba86fbb002980bcd7711fd943a897bd3",443
"BAJA_100","MiFish","3da69409a2ece559b55299c61dbf4b03b0cb5cec",40
"BAJA_10","MiFish","23e5fbcf45d420cccffbe8f8f3bd0d008208f051",226
"BAJA_110","MiFish","8d8e1b91860ccdf81a424231db0b012546cd2c40",93
"BAJA_1","MiFish","34a9f92da6382d76b60976f12802e564a47b5fd1",160
"BAJA_21","MiFish","34a9f92da6382d76b60976f12802e564a47b5fd1",6723
"BAJA_122","MiFish","34a9f92da6382d76b60976f12802e564a47b5fd1",52
"BAJA_17","MiFish","3678e2c8ac38128f234880ca5aa9a981a138815b",50
"BAJA_87","MiFish","f758a446eaf13a18017fe92cd684e8b7bbc4ebc5",79
"BAJA_17","MiFish","f758a446eaf13a18017fe92cd684e8b7bbc4ebc5",52
"BAJA_103","MiFish","c565ebaf92c165baae2fa4711e7e4d3993c047a8",55
"BAJA_18","MiFish","39712edb574288b557e6d09e0d423c81efd928db",227
"BAJA_11","MiFish","f08b2148e855756ebe520e414d7734b43f8a161e",496
"BAJA_95","MiFish","4fdea4318c3a9f5157a22084754b3a6bd9946fac",183
"BAJA_17","MiFish","4fdea4318c3a9f5157a22084754b3a6bd9946fac",73
"BAJA_18","MiFish","4fdea4318c3a9f5157a22084754b3a6bd9946fac",304
"BAJA_103","MiFish","4fdea4318c3a9f5157a22084754b3a6bd9946fac",51
"BAJA_9","MiFish","4fdea4318c3a9f5157a22084754b3a6bd9946fac",184
"BAJA_122","MiFish","4fdea4318c3a9f5157a22084754b3a6bd9946fac",3918
"BAJA_4","MiFish","4fdea4318c3a9f5157a22084754b3a6bd9946fac",53
"BAJA_75","MiFish","4fdea4318c3a9f5157a22084754b3a6bd9946fac",378
"BAJA_52","MiFish","de0389582e9584bad9ab70b7f8d4a98a7c3a553c",201
"BAJA_55","MiFish","de0389582e9584bad9ab70b7f8d4a98a7c3a553c",415
"BAJA_75","MiFish","45af5506e6b98256846bea7d4036e6d56bd292d4",376
"BAJA_126","MiFish","9751315cf191768b2aab899f246f1a163f05e26f",3
"BAJA_19","MiFish","9751315cf191768b2aab899f246f1a163f05e26f",4055
"BAJA_92","MiFish","9751315cf191768b2aab899f246f1a163f05e26f",591
"BAJA_118","MiFish","2810641abefdca6269b05a362415ee4792f4576d",1030
"BAJA_80","MiFish","2810641abefdca6269b05a362415ee4792f4576d",922
"BAJA_124","MiFish","2810641abefdca6269b05a362415ee4792f4576d",6382
"BAJA_40","MiFish","2810641abefdca6269b05a362415ee4792f4576d",250
"BAJA_131","MiFish","2810641abefdca6269b05a362415ee4792f4576d",5389
"BAJA_9","MiFish","2810641abefdca6269b05a362415ee4792f4576d",66
"BAJA_107","MiFish","2810641abefdca6269b05a362415ee4792f4576d",1606
"BAJA_120","MiFish","2810641abefdca6269b05a362415ee4792f4576d",5004
"BAJA_87","MiFish","2810641abefdca6269b05a362415ee4792f4576d",505
"BAJA_110","MiFish","2810641abefdca6269b05a362415ee4792f4576d",205
"BAJA_102","MiFish","2810641abefdca6269b05a362415ee4792f4576d",67
"BAJA_127","MiFish","2810641abefdca6269b05a362415ee4792f4576d",2721
"BAJA_3","MiFish","2810641abefdca6269b05a362415ee4792f4576d",89
"BAJA_103","MiFish","2810641abefdca6269b05a362415ee4792f4576d",293
"BAJA_1","MiFish","2810641abefdca6269b05a362415ee4792f4576d",7841
"BAJA_72","MiFish","2810641abefdca6269b05a362415ee4792f4576d",494
"BAJA_19","MiFish","2810641abefdca6269b05a362415ee4792f4576d",3743
"BAJA_69","MiFish","2810641abefdca6269b05a362415ee4792f4576d",12
"BAJA_35","MiFish","2810641abefdca6269b05a362415ee4792f4576d",5017
"BAJA_135","MiFish","2810641abefdca6269b05a362415ee4792f4576d",8358
"BAJA_100","MiFish","2810641abefdca6269b05a362415ee4792f4576d",420
"BAJA_7","MiFish","2810641abefdca6269b05a362415ee4792f4576d",2401
"BAJA_18","MiFish","2810641abefdca6269b05a362415ee4792f4576d",479
"BAJA_8","MiFish","2810641abefdca6269b05a362415ee4792f4576d",4525
"BAJA_10","MiFish","2810641abefdca6269b05a362415ee4792f4576d",834
"BAJA_83","MiFish","2810641abefdca6269b05a362415ee4792f4576d",255
"BAJA_97","MiFish","2810641abefdca6269b05a362415ee4792f4576d",2705
"BAJA_94","MiFish","a2d847e79be166fa608035ea92e12c447548ff69",202
"BAJA_4","MiFish","189e34ea4d27eb0cd8a3cd5eaae4b8e8d51c3890",63
"BAJA_91","MiFish","b3c868ed6e9efaecc8b43d047979bb9621296b30",112
"BAJA_57","MiFish","05ddae1c46805f50d183804f3283a2e0cf27fda6",740
"BAJA_101","MiFish","05ddae1c46805f50d183804f3283a2e0cf27fda6",479
"BAJA_128","MiFish","05ddae1c46805f50d183804f3283a2e0cf27fda6",698
"BAJA_124","MiFish","05ddae1c46805f50d183804f3283a2e0cf27fda6",2475
"BAJA_110","MiFish","05ddae1c46805f50d183804f3283a2e0cf27fda6",114
"BAJA_103","MiFish","05ddae1c46805f50d183804f3283a2e0cf27fda6",577
"BAJA_8","MiFish","05ddae1c46805f50d183804f3283a2e0cf27fda6",625
"BAJA_116","MiFish","05ddae1c46805f50d183804f3283a2e0cf27fda6",211
"BAJA_94","MiFish","05ddae1c46805f50d183804f3283a2e0cf27fda6",2111
"BAJA_80","MiFish","05ddae1c46805f50d183804f3283a2e0cf27fda6",5677
"BAJA_100","MiFish","05ddae1c46805f50d183804f3283a2e0cf27fda6",984
"BAJA_44","MiFish","05ddae1c46805f50d183804f3283a2e0cf27fda6",2390
"BAJA_30","MiFish","05ddae1c46805f50d183804f3283a2e0cf27fda6",2674
"BAJA_95","MiFish","05ddae1c46805f50d183804f3283a2e0cf27fda6",2380
"BAJA_9","MiFish","05ddae1c46805f50d183804f3283a2e0cf27fda6",1589
"BAJA_3","MiFish","05ddae1c46805f50d183804f3283a2e0cf27fda6",1575
"BAJA_71","MiFish","05ddae1c46805f50d183804f3283a2e0cf27fda6",493
"BAJA_90","MiFish","05ddae1c46805f50d183804f3283a2e0cf27fda6",730
"BAJA_102","MiFish","05ddae1c46805f50d183804f3283a2e0cf27fda6",938
"BAJA_83","MiFish","05ddae1c46805f50d183804f3283a2e0cf27fda6",1924
"BAJA_70","MiFish","05ddae1c46805f50d183804f3283a2e0cf27fda6",1143
"BAJA_77","MiFish","05ddae1c46805f50d183804f3283a2e0cf27fda6",544
"BAJA_96","MiFish","05ddae1c46805f50d183804f3283a2e0cf27fda6",316
"BAJA_18","MiFish","05ddae1c46805f50d183804f3283a2e0cf27fda6",5144
"BAJA_73","MiFish","05ddae1c46805f50d183804f3283a2e0cf27fda6",3696
"BAJA_72","MiFish","05ddae1c46805f50d183804f3283a2e0cf27fda6",382
"BAJA_87","MiFish","05ddae1c46805f50d183804f3283a2e0cf27fda6",2630
"BAJA_91","MiFish","05ddae1c46805f50d183804f3283a2e0cf27fda6",1898
"BAJA_34","MiFish","05ddae1c46805f50d183804f3283a2e0cf27fda6",1165
"BAJA_46","MiFish","05ddae1c46805f50d183804f3283a2e0cf27fda6",1124
"BAJA_17","MiFish","05ddae1c46805f50d183804f3283a2e0cf27fda6",899
"BAJA_10","MiFish","05ddae1c46805f50d183804f3283a2e0cf27fda6",425
"BAJA_4","MiFish","05ddae1c46805f50d183804f3283a2e0cf27fda6",1442
"BAJA_55","MiFish","05ddae1c46805f50d183804f3283a2e0cf27fda6",831
"BAJA_78","MiFish","05ddae1c46805f50d183804f3283a2e0cf27fda6",802
"BAJA_79","MiFish","05ddae1c46805f50d183804f3283a2e0cf27fda6",615
"BAJA_40","MiFish","05ddae1c46805f50d183804f3283a2e0cf27fda6",832
"BAJA_66","MiFish","05ddae1c46805f50d183804f3283a2e0cf27fda6",75
"BAJA_69","MiFish","05ddae1c46805f50d183804f3283a2e0cf27fda6",774
"BAJA_88","MiFish","05ddae1c46805f50d183804f3283a2e0cf27fda6",1946
"BAJA_36","MiFish","05ddae1c46805f50d183804f3283a2e0cf27fda6",4907
"BAJA_45","MiFish","05ddae1c46805f50d183804f3283a2e0cf27fda6",2060
"BAJA_80","MiFish","4971653802a99c8e9dab7b641d646e16f6c29519",132
"BAJA_108","MiFish","870a34750e024a0d662e42fa06cf00c311f56651",1318
"BAJA_17","MiFish","d5e1593c80a50b95099aa472cd54951d07c37955",34
"BAJA_55","MiFish","e2f3259975d857a1a3a49e621449599c79331989",514
"BAJA_56","MiFish","e2f3259975d857a1a3a49e621449599c79331989",714
"BAJA_56","MiFish","b93490b2ac441a667cbba50bfa5c9efc75af368f",1096
"BAJA_55","MiFish","b93490b2ac441a667cbba50bfa5c9efc75af368f",91
"BAJA_9","MiFish","b93490b2ac441a667cbba50bfa5c9efc75af368f",49
"BAJA_13","MiFish","049e21d32ed52dbd0d4c32641ba37bd0606f0234",504
"BAJA_13","MiFish","3b09ebdb9bb6fef2545396a4b9b2459d6356340e",306
"BAJA_79","MiFish","3b09ebdb9bb6fef2545396a4b9b2459d6356340e",157
"BAJA_113","MiFish","25e795a200305a9626301779541cc1934ba03e64",445
"BAJA_52","MiFish","1b8e9c6416b913e1426f7146725397d8a33f1cb8",110
"BAJA_27","MiFish","1b8e9c6416b913e1426f7146725397d8a33f1cb8",1811
"BAJA_110","MiFish","1b8e9c6416b913e1426f7146725397d8a33f1cb8",146
"BAJA_132","MiFish","1b8e9c6416b913e1426f7146725397d8a33f1cb8",1190
"BAJA_127","MiFish","1b8e9c6416b913e1426f7146725397d8a33f1cb8",85
"BAJA_128","MiFish","1b8e9c6416b913e1426f7146725397d8a33f1cb8",539
"BAJA_67","MiFish","1b8e9c6416b913e1426f7146725397d8a33f1cb8",71
"BAJA_106","MiFish","1b8e9c6416b913e1426f7146725397d8a33f1cb8",1532
"BAJA_80","MiFish","1b8e9c6416b913e1426f7146725397d8a33f1cb8",144
"BAJA_12","MiFish","1b8e9c6416b913e1426f7146725397d8a33f1cb8",1060
"BAJA_56","MiFish","1b8e9c6416b913e1426f7146725397d8a33f1cb8",27
"BAJA_60","MiFish","1b8e9c6416b913e1426f7146725397d8a33f1cb8",534
"BAJA_35","MiFish","3fc1e68ecfd8848f79efc3f311951ede391fabc3",744
"BAJA_77","MiFish","3fc1e68ecfd8848f79efc3f311951ede391fabc3",107
"BAJA_87","MiFish","3fc1e68ecfd8848f79efc3f311951ede391fabc3",153
"BAJA_103","MiFish","3fc1e68ecfd8848f79efc3f311951ede391fabc3",55
"BAJA_95","MiFish","a81e00e9cb762ea9daf4240299aa1149003f08e7",71
"BAJA_110","MiFish","a81e00e9cb762ea9daf4240299aa1149003f08e7",123
"BAJA_55","MiFish","a81e00e9cb762ea9daf4240299aa1149003f08e7",402
"BAJA_18","MiFish","c93cf632b26bd1512c4058fbad8ef8d42e575ae5",707
"BAJA_83","MiFish","c93cf632b26bd1512c4058fbad8ef8d42e575ae5",191
"BAJA_17","MiFish","c93cf632b26bd1512c4058fbad8ef8d42e575ae5",46
"BAJA_69","MiFish","c93cf632b26bd1512c4058fbad8ef8d42e575ae5",5
"BAJA_87","MiFish","c93cf632b26bd1512c4058fbad8ef8d42e575ae5",61
"BAJA_80","MiFish","c93cf632b26bd1512c4058fbad8ef8d42e575ae5",1246
"BAJA_4","MiFish","c93cf632b26bd1512c4058fbad8ef8d42e575ae5",90
"BAJA_106","MiFish","c93cf632b26bd1512c4058fbad8ef8d42e575ae5",1091
"BAJA_96","MiFish","c93cf632b26bd1512c4058fbad8ef8d42e575ae5",211
"BAJA_29","MiFish","c93cf632b26bd1512c4058fbad8ef8d42e575ae5",2852
"BAJA_103","MiFish","c93cf632b26bd1512c4058fbad8ef8d42e575ae5",23
"BAJA_110","MiFish","c93cf632b26bd1512c4058fbad8ef8d42e575ae5",157
"BAJA_120","MiFish","cfc4b1202a7aa4b8a183d59bcb6459c26e189fa8",4317
"BAJA_40","MiFish","45ba33d1005cbd41c90ade4f67193a6212fe0386",3
"BAJA_128","MiFish","d9ad73f47171611f92080abe2495c390872b0be6",48
"BAJA_95","MiFish","c8e2843aa70d2a648f077ea732f1f05da738ca71",12
"BAJA_17","MiFish","950b738e4a9ddc8fda9e01252a37ed1dd6552728",1664
"BAJA_2","MiFish","950b738e4a9ddc8fda9e01252a37ed1dd6552728",2712
"BAJA_10","MiFish","950b738e4a9ddc8fda9e01252a37ed1dd6552728",1227
"BAJA_43","MiFish","950b738e4a9ddc8fda9e01252a37ed1dd6552728",3520
"BAJA_103","MiFish","950b738e4a9ddc8fda9e01252a37ed1dd6552728",953
"BAJA_69","MiFish","950b738e4a9ddc8fda9e01252a37ed1dd6552728",884
"BAJA_88","MiFish","950b738e4a9ddc8fda9e01252a37ed1dd6552728",3289
"BAJA_121","MiFish","950b738e4a9ddc8fda9e01252a37ed1dd6552728",41980
"BAJA_135","MiFish","950b738e4a9ddc8fda9e01252a37ed1dd6552728",184
"BAJA_77","MiFish","950b738e4a9ddc8fda9e01252a37ed1dd6552728",507
"BAJA_116","MiFish","950b738e4a9ddc8fda9e01252a37ed1dd6552728",149
"BAJA_3","MiFish","950b738e4a9ddc8fda9e01252a37ed1dd6552728",1773
"BAJA_78","MiFish","950b738e4a9ddc8fda9e01252a37ed1dd6552728",2106
"BAJA_40","MiFish","950b738e4a9ddc8fda9e01252a37ed1dd6552728",1229
"BAJA_73","MiFish","950b738e4a9ddc8fda9e01252a37ed1dd6552728",10575
"BAJA_18","MiFish","950b738e4a9ddc8fda9e01252a37ed1dd6552728",4807
"BAJA_45","MiFish","950b738e4a9ddc8fda9e01252a37ed1dd6552728",1612
"BAJA_31","MiFish","950b738e4a9ddc8fda9e01252a37ed1dd6552728",1982
"BAJA_79","MiFish","950b738e4a9ddc8fda9e01252a37ed1dd6552728",1987
"BAJA_101","MiFish","950b738e4a9ddc8fda9e01252a37ed1dd6552728",861
"BAJA_38","MiFish","950b738e4a9ddc8fda9e01252a37ed1dd6552728",1380
"BAJA_30","MiFish","950b738e4a9ddc8fda9e01252a37ed1dd6552728",4228
"BAJA_24","MiFish","950b738e4a9ddc8fda9e01252a37ed1dd6552728",7433
"BAJA_96","MiFish","950b738e4a9ddc8fda9e01252a37ed1dd6552728",1390
"BAJA_110","MiFish","950b738e4a9ddc8fda9e01252a37ed1dd6552728",99
"BAJA_87","MiFish","950b738e4a9ddc8fda9e01252a37ed1dd6552728",2298
"BAJA_55","MiFish","950b738e4a9ddc8fda9e01252a37ed1dd6552728",872
"BAJA_100","MiFish","950b738e4a9ddc8fda9e01252a37ed1dd6552728",1153
"BAJA_95","MiFish","950b738e4a9ddc8fda9e01252a37ed1dd6552728",3362
"BAJA_71","MiFish","950b738e4a9ddc8fda9e01252a37ed1dd6552728",519
"BAJA_128","MiFish","950b738e4a9ddc8fda9e01252a37ed1dd6552728",649
"BAJA_70","MiFish","950b738e4a9ddc8fda9e01252a37ed1dd6552728",1974
"BAJA_72","MiFish","950b738e4a9ddc8fda9e01252a37ed1dd6552728",626
"BAJA_83","MiFish","950b738e4a9ddc8fda9e01252a37ed1dd6552728",2029
"BAJA_102","MiFish","950b738e4a9ddc8fda9e01252a37ed1dd6552728",1185
"BAJA_9","MiFish","950b738e4a9ddc8fda9e01252a37ed1dd6552728",2242
"BAJA_57","MiFish","950b738e4a9ddc8fda9e01252a37ed1dd6552728",67
"BAJA_80","MiFish","950b738e4a9ddc8fda9e01252a37ed1dd6552728",2612
"BAJA_66","MiFish","950b738e4a9ddc8fda9e01252a37ed1dd6552728",85
"BAJA_90","MiFish","950b738e4a9ddc8fda9e01252a37ed1dd6552728",1151
"BAJA_39","MiFish","950b738e4a9ddc8fda9e01252a37ed1dd6552728",34747
"BAJA_91","MiFish","950b738e4a9ddc8fda9e01252a37ed1dd6552728",2576
"BAJA_4","MiFish","950b738e4a9ddc8fda9e01252a37ed1dd6552728",1957
"BAJA_92","MiFish","950b738e4a9ddc8fda9e01252a37ed1dd6552728",712
"BAJA_94","MiFish","950b738e4a9ddc8fda9e01252a37ed1dd6552728",668
"BAJA_95","MiFish","10ccc49071e50263ff0dc82d86a46102fc22eda6",99
"BAJA_131","MiFish","7106fc043ec84d3e382b3ba86a427924c731adaf",3993
"BAJA_71","MiFish","7106fc043ec84d3e382b3ba86a427924c731adaf",90
"BAJA_58","MiFish","7106fc043ec84d3e382b3ba86a427924c731adaf",978
"BAJA_128","MiFish","7106fc043ec84d3e382b3ba86a427924c731adaf",581
"BAJA_5","MiFish","7106fc043ec84d3e382b3ba86a427924c731adaf",20278
"BAJA_75","MiFish","7106fc043ec84d3e382b3ba86a427924c731adaf",695
"BAJA_110","MiFish","7106fc043ec84d3e382b3ba86a427924c731adaf",245
"BAJA_9","MiFish","7106fc043ec84d3e382b3ba86a427924c731adaf",250
"BAJA_116","MiFish","7106fc043ec84d3e382b3ba86a427924c731adaf",111
"BAJA_103","MiFish","7106fc043ec84d3e382b3ba86a427924c731adaf",96
"BAJA_37","MiFish","7106fc043ec84d3e382b3ba86a427924c731adaf",1158
"BAJA_2","MiFish","7106fc043ec84d3e382b3ba86a427924c731adaf",13097
"BAJA_10","MiFish","7106fc043ec84d3e382b3ba86a427924c731adaf",1644
"BAJA_80","MiFish","7106fc043ec84d3e382b3ba86a427924c731adaf",811
"BAJA_133","MiFish","7106fc043ec84d3e382b3ba86a427924c731adaf",4232
"BAJA_3","MiFish","7106fc043ec84d3e382b3ba86a427924c731adaf",73
"BAJA_129","MiFish","7106fc043ec84d3e382b3ba86a427924c731adaf",12
"BAJA_77","MiFish","7106fc043ec84d3e382b3ba86a427924c731adaf",184
"BAJA_17","MiFish","7106fc043ec84d3e382b3ba86a427924c731adaf",73
"BAJA_26","MiFish","7106fc043ec84d3e382b3ba86a427924c731adaf",2889
"BAJA_60","MiFish","7106fc043ec84d3e382b3ba86a427924c731adaf",600
"BAJA_5","MiFish","9649123743f387644e154a6a0a7e1b9d536eb6b6",1798
"BAJA_12","MiFish","923ab25d60cd42c77434b356cacff56edfc2c640",1011
"BAJA_82","MiFish","c9b0ccaacf06d9cb7000511cfd491975cb709772",6589
"BAJA_31","MiFish","bbc5cc1d092c1b3947f7836bb1329ccf80f8b4ed",638
"BAJA_107","MiFish","a8e2c2e2a41bb1891ade4b78593c1399be0aa0ce",2842
"BAJA_108","MiFish","a8e2c2e2a41bb1891ade4b78593c1399be0aa0ce",2075
"BAJA_3","MiFish","a8e2c2e2a41bb1891ade4b78593c1399be0aa0ce",2
"BAJA_13","MiFish","f8a038d3ddcd73cfb8069f101095f5a4b96c96de",11490
"BAJA_4","MiFish","f8a038d3ddcd73cfb8069f101095f5a4b96c96de",2417
"BAJA_110","MiFish","f8a038d3ddcd73cfb8069f101095f5a4b96c96de",176
"BAJA_96","MiFish","f8a038d3ddcd73cfb8069f101095f5a4b96c96de",190
"BAJA_87","MiFish","f8a038d3ddcd73cfb8069f101095f5a4b96c96de",48
"BAJA_102","MiFish","f8a038d3ddcd73cfb8069f101095f5a4b96c96de",242
"BAJA_15","MiFish","f8a038d3ddcd73cfb8069f101095f5a4b96c96de",4343
"BAJA_92","MiFish","aa0c0214d986973256fe7b6f3c74494975c5dbd2",414
"BAJA_48","MiFish","aa0c0214d986973256fe7b6f3c74494975c5dbd2",2542
"BAJA_60","MiFish","aa0c0214d986973256fe7b6f3c74494975c5dbd2",691
"BAJA_67","MiFish","aa0c0214d986973256fe7b6f3c74494975c5dbd2",976
"BAJA_18","MiFish","aa0c0214d986973256fe7b6f3c74494975c5dbd2",423
"BAJA_96","MiFish","aa0c0214d986973256fe7b6f3c74494975c5dbd2",197
"BAJA_128","MiFish","aa0c0214d986973256fe7b6f3c74494975c5dbd2",167
"BAJA_43","MiFish","aa0c0214d986973256fe7b6f3c74494975c5dbd2",2000
"BAJA_9","MiFish","aa0c0214d986973256fe7b6f3c74494975c5dbd2",525
"BAJA_4","MiFish","aa0c0214d986973256fe7b6f3c74494975c5dbd2",90
"BAJA_10","MiFish","aa0c0214d986973256fe7b6f3c74494975c5dbd2",334
"BAJA_90","MiFish","aa0c0214d986973256fe7b6f3c74494975c5dbd2",571
"BAJA_110","MiFish","aa0c0214d986973256fe7b6f3c74494975c5dbd2",296
"BAJA_108","MiFish","aa0c0214d986973256fe7b6f3c74494975c5dbd2",1580
"BAJA_75","MiFish","40aeec21334c48b27a3e0989ff1c01de8c599e54",704
"BAJA_110","MiFish","40aeec21334c48b27a3e0989ff1c01de8c599e54",168
"BAJA_29","MiFish","40aeec21334c48b27a3e0989ff1c01de8c599e54",1054
"BAJA_11","MiFish","40aeec21334c48b27a3e0989ff1c01de8c599e54",2251
"BAJA_69","MiFish","40aeec21334c48b27a3e0989ff1c01de8c599e54",6
"BAJA_104","MiFish","40aeec21334c48b27a3e0989ff1c01de8c599e54",1968
"BAJA_88","MiFish","cdca1ca25efd729549962b264292ba14dbc2c479",463
"BAJA_92","MiFish","cdca1ca25efd729549962b264292ba14dbc2c479",1038
"BAJA_3","MiFish","cdca1ca25efd729549962b264292ba14dbc2c479",68
"BAJA_131","MiFish","cdca1ca25efd729549962b264292ba14dbc2c479",2546
"BAJA_52","MiFish","eb17c705c365c92cc24d20a966b8be3700193ee3",217
"BAJA_5","MiFish","5915c672151c8ad50a0ae0b88cb66ed4b86c349b",7662
"BAJA_96","MiFish","5915c672151c8ad50a0ae0b88cb66ed4b86c349b",76
"BAJA_60","MiFish","5915c672151c8ad50a0ae0b88cb66ed4b86c349b",419
"BAJA_9","MiFish","5915c672151c8ad50a0ae0b88cb66ed4b86c349b",228
"BAJA_45","MiFish","5915c672151c8ad50a0ae0b88cb66ed4b86c349b",713
"BAJA_95","MiFish","5915c672151c8ad50a0ae0b88cb66ed4b86c349b",197
"BAJA_110","MiFish","5915c672151c8ad50a0ae0b88cb66ed4b86c349b",174
"BAJA_128","MiFish","5915c672151c8ad50a0ae0b88cb66ed4b86c349b",330
"BAJA_127","MiFish","5915c672151c8ad50a0ae0b88cb66ed4b86c349b",875
"BAJA_75","MiFish","5915c672151c8ad50a0ae0b88cb66ed4b86c349b",854
"BAJA_2","MiFish","5a8a7e51dbabee0903ada7aeeca31a73b76f9fd9",1077
"BAJA_5","MiFish","5a8a7e51dbabee0903ada7aeeca31a73b76f9fd9",7340
"BAJA_96","MiFish","5a8a7e51dbabee0903ada7aeeca31a73b76f9fd9",45
"BAJA_4","MiFish","5a8a7e51dbabee0903ada7aeeca31a73b76f9fd9",135
"BAJA_94","MiFish","5a8a7e51dbabee0903ada7aeeca31a73b76f9fd9",399
"BAJA_27","MiFish","ff499f0b4ac0fbcbbbe969bd0f9cd78dc25067d5",5153
"BAJA_103","MiFish","0bfc5ecb578731e9b19db59ca4fc0d6047f2e3df",90
"BAJA_13","MiFish","815465bf4218c40e60200ea518c5d7cbabd61f1c",710
"BAJA_46","MiFish","94dd7886c04e2cced2043edc096c082be319ee54",276
"BAJA_93","MiFish","e28647d32e36a0e2fa89c6e02219071afe3eff6d",1185
"BAJA_42","MiFish","4b122ead53eb1652ebb10397e379491b95afb8cf",1512
"BAJA_123","MiFish","4b122ead53eb1652ebb10397e379491b95afb8cf",2307
"BAJA_18","MiFish","97a979e2d2f672a39837e63a9f4d698da2f1e8bd",1118
"BAJA_37","MiFish","723039a7439d34d0aa3cf6ec82dd7415b7af6b9c",1717
"BAJA_65","MiFish","008b56815f07ced7ba87f9462f4a8ed32d3d6141",1783
"BAJA_39","MiFish","008b56815f07ced7ba87f9462f4a8ed32d3d6141",55396
"BAJA_38","MiFish","008b56815f07ced7ba87f9462f4a8ed32d3d6141",1168
"BAJA_38","MiFish","93a83a9e8c3baddd9d3be6353eceb4dacdfa059e",1320
"BAJA_16","MiFish","6c4f83b175022e94bcbd8bd49a9215ec4c1083a6",41
"BAJA_83","MiFish","7cfdb13ce4e7b7e81566868f967a9c671ae603ca",319
"BAJA_67","MiFish","7cfdb13ce4e7b7e81566868f967a9c671ae603ca",539
"BAJA_56","MiFish","7cfdb13ce4e7b7e81566868f967a9c671ae603ca",1877
"BAJA_38","MiFish","7cfdb13ce4e7b7e81566868f967a9c671ae603ca",8617
"BAJA_39","MiFish","7cfdb13ce4e7b7e81566868f967a9c671ae603ca",123069
"BAJA_62","MiFish","7cfdb13ce4e7b7e81566868f967a9c671ae603ca",1149
"BAJA_106","MiFish","7cfdb13ce4e7b7e81566868f967a9c671ae603ca",1674
"BAJA_63","MiFish","7cfdb13ce4e7b7e81566868f967a9c671ae603ca",988
"BAJA_1","MiFish","7cfdb13ce4e7b7e81566868f967a9c671ae603ca",404
"BAJA_16","MiFish","7cfdb13ce4e7b7e81566868f967a9c671ae603ca",7260
"BAJA_37","MiFish","7cfdb13ce4e7b7e81566868f967a9c671ae603ca",5577
"BAJA_81","MiFish","7cfdb13ce4e7b7e81566868f967a9c671ae603ca",4912
"BAJA_52","MiFish","7cfdb13ce4e7b7e81566868f967a9c671ae603ca",320
"BAJA_57","MiFish","f968f4f6b237dc8b59640499d84f1b7a301ed54f",756
"BAJA_13","MiFish","60c6d5b3f921b52c9272b8f3d871f1c987973e1f",1058
"BAJA_80","MiFish","60c6d5b3f921b52c9272b8f3d871f1c987973e1f",714
"BAJA_110","MiFish","60c6d5b3f921b52c9272b8f3d871f1c987973e1f",93
"BAJA_8","MiFish","60c6d5b3f921b52c9272b8f3d871f1c987973e1f",6100
"BAJA_62","MiFish","60c6d5b3f921b52c9272b8f3d871f1c987973e1f",1291
"BAJA_4","MiFish","60c6d5b3f921b52c9272b8f3d871f1c987973e1f",95
"BAJA_1","MiFish","93a9521189626bf57acb8a0f7b2532a900e91f12",979
"BAJA_55","MiFish","93a9521189626bf57acb8a0f7b2532a900e91f12",776
"BAJA_69","MiFish","93a9521189626bf57acb8a0f7b2532a900e91f12",9
"BAJA_13","MiFish","93a9521189626bf57acb8a0f7b2532a900e91f12",938
"BAJA_100","MiFish","93a9521189626bf57acb8a0f7b2532a900e91f12",158
"BAJA_35","MiFish","93a9521189626bf57acb8a0f7b2532a900e91f12",1940
"BAJA_18","MiFish","93a9521189626bf57acb8a0f7b2532a900e91f12",554
"BAJA_44","MiFish","93a9521189626bf57acb8a0f7b2532a900e91f12",878
"BAJA_95","MiFish","93a9521189626bf57acb8a0f7b2532a900e91f12",467
"BAJA_116","MiFish","93a9521189626bf57acb8a0f7b2532a900e91f12",144
"BAJA_19","MiFish","93a9521189626bf57acb8a0f7b2532a900e91f12",5563
"BAJA_9","MiFish","93a9521189626bf57acb8a0f7b2532a900e91f12",58
"BAJA_103","MiFish","93a9521189626bf57acb8a0f7b2532a900e91f12",20
"BAJA_110","MiFish","93a9521189626bf57acb8a0f7b2532a900e91f12",375
"BAJA_15","MiFish","93a9521189626bf57acb8a0f7b2532a900e91f12",3249
"BAJA_114","MiFish","93a9521189626bf57acb8a0f7b2532a900e91f12",445
"BAJA_75","MiFish","93a9521189626bf57acb8a0f7b2532a900e91f12",664
"BAJA_17","MiFish","93a9521189626bf57acb8a0f7b2532a900e91f12",42
"BAJA_29","MiFish","93a9521189626bf57acb8a0f7b2532a900e91f12",2338
"BAJA_87","MiFish","93a9521189626bf57acb8a0f7b2532a900e91f12",127
"BAJA_132","MiFish","949944d875d32f60b2e50146ae9d2bb95fc1a300",34
"BAJA_63","MiFish","bcbddc98c208c4c7018b786847dc92dac8006c78",6421
"BAJA_96","MiFish","bcbddc98c208c4c7018b786847dc92dac8006c78",182
"BAJA_128","MiFish","bcbddc98c208c4c7018b786847dc92dac8006c78",40
"BAJA_17","MiFish","bcbddc98c208c4c7018b786847dc92dac8006c78",60
"BAJA_55","MiFish","bcbddc98c208c4c7018b786847dc92dac8006c78",615
"BAJA_126","MiFish","0fa5745fa0c10e7d05f06c87a10d6c08447a229f",6346
"BAJA_121","MiFish","303ab366b448fc492f429b0b17e4edf1219c7707",5253
"BAJA_127","MiFish","303ab366b448fc492f429b0b17e4edf1219c7707",5348
"BAJA_42","MiFish","303ab366b448fc492f429b0b17e4edf1219c7707",4100
"BAJA_18","MiFish","303ab366b448fc492f429b0b17e4edf1219c7707",364
"BAJA_125","MiFish","303ab366b448fc492f429b0b17e4edf1219c7707",8988
"BAJA_69","MiFish","303ab366b448fc492f429b0b17e4edf1219c7707",9
"BAJA_88","MiFish","303ab366b448fc492f429b0b17e4edf1219c7707",517
"BAJA_127","MiFish","27c50c4ed08240c75744547ab82410335a38e045",55
"BAJA_12","MiFish","17d0561f48a406d4d1d9ee6d21ce804ddfe12888",746
"BAJA_37","MiFish","0d89166e9b466df1d5ec81d5bd792f5b974fb197",1260
"BAJA_60","MiFish","3a3b74edfdabe951a5b05431fe77eb70df82a613",530
"BAJA_13","MiFish","3a3b74edfdabe951a5b05431fe77eb70df82a613",564
"BAJA_76","MiFish","3a3b74edfdabe951a5b05431fe77eb70df82a613",3063
"BAJA_45","MiFish","3a3b74edfdabe951a5b05431fe77eb70df82a613",249
"BAJA_44","MiFish","3a3b74edfdabe951a5b05431fe77eb70df82a613",848
"BAJA_75","MiFish","3a3b74edfdabe951a5b05431fe77eb70df82a613",841
"BAJA_74","MiFish","3a3b74edfdabe951a5b05431fe77eb70df82a613",17696
"BAJA_110","MiFish","3a3b74edfdabe951a5b05431fe77eb70df82a613",43
"BAJA_112","MiFish","3a3b74edfdabe951a5b05431fe77eb70df82a613",3941
"BAJA_9","MiFish","3a3b74edfdabe951a5b05431fe77eb70df82a613",196
"BAJA_63","MiFish","3a3b74edfdabe951a5b05431fe77eb70df82a613",778
"BAJA_47","MiFish","3a3b74edfdabe951a5b05431fe77eb70df82a613",2006
"BAJA_106","MiFish","3a3b74edfdabe951a5b05431fe77eb70df82a613",1443
"BAJA_52","MiFish","3a3b74edfdabe951a5b05431fe77eb70df82a613",2277
"BAJA_128","MiFish","3a3b74edfdabe951a5b05431fe77eb70df82a613",411
"BAJA_97","MiFish","3a3b74edfdabe951a5b05431fe77eb70df82a613",127
"BAJA_132","MiFish","3a3b74edfdabe951a5b05431fe77eb70df82a613",915
"BAJA_90","MiFish","a75d5e68e4f9e46689be4ea545e4fdda12c7edea",36
"BAJA_13","MiFish","c10f4e1046f185623f5f2751a6f27a2b25beab71",1089
"BAJA_113","MiFish","7879c64e1ad784aba7c22697f8c8ace0cd40a241",3583
"BAJA_86","MiFish","7879c64e1ad784aba7c22697f8c8ace0cd40a241",7500
"BAJA_10","MiFish","7879c64e1ad784aba7c22697f8c8ace0cd40a241",846
"BAJA_63","MiFish","f0a82183f3625dcc1ea21d59f3035c8d4be5f230",320
"BAJA_26","MiFish","f0a82183f3625dcc1ea21d59f3035c8d4be5f230",2260
"BAJA_45","MiFish","edbc6509664f458a2ac356df9c6c254fb5adf82b",924
"BAJA_16","MiFish","edbc6509664f458a2ac356df9c6c254fb5adf82b",26180
"BAJA_65","MiFish","edbc6509664f458a2ac356df9c6c254fb5adf82b",64
"BAJA_18","MiFish","edbc6509664f458a2ac356df9c6c254fb5adf82b",868
"BAJA_83","MiFish","edbc6509664f458a2ac356df9c6c254fb5adf82b",429
"BAJA_67","MiFish","edbc6509664f458a2ac356df9c6c254fb5adf82b",1306
"BAJA_95","MiFish","edbc6509664f458a2ac356df9c6c254fb5adf82b",244
"BAJA_9","MiFish","edbc6509664f458a2ac356df9c6c254fb5adf82b",97
"BAJA_63","MiFish","edbc6509664f458a2ac356df9c6c254fb5adf82b",884
"BAJA_100","MiFish","edbc6509664f458a2ac356df9c6c254fb5adf82b",70
"BAJA_46","MiFish","8d2c18a6dc0e7b406a6a31fccaa59eddafcf843a",444
"BAJA_16","MiFish","8d2c18a6dc0e7b406a6a31fccaa59eddafcf843a",2146
"BAJA_48","MiFish","0fd4f3e4ea2b9002259e5c78c407f3c8869a1073",23573
"BAJA_13","MiFish","0fd4f3e4ea2b9002259e5c78c407f3c8869a1073",1130
"BAJA_28","MiFish","0fd4f3e4ea2b9002259e5c78c407f3c8869a1073",7060
"BAJA_103","MiFish","0fd4f3e4ea2b9002259e5c78c407f3c8869a1073",46
"BAJA_4","MiFish","0fd4f3e4ea2b9002259e5c78c407f3c8869a1073",122
"BAJA_69","MiFish","124e8ed49ddee1e5d49c985ec9c24afa9d473d8e",9
"BAJA_117","MiFish","124e8ed49ddee1e5d49c985ec9c24afa9d473d8e",6707
"BAJA_1","MiFish","fcd69c7d8db6e82a933cfaa11638f7d54156f607",6782
"BAJA_87","MiFish","fcd69c7d8db6e82a933cfaa11638f7d54156f607",112
"BAJA_71","MiFish","fcd69c7d8db6e82a933cfaa11638f7d54156f607",80
"BAJA_17","MiFish","fcd69c7d8db6e82a933cfaa11638f7d54156f607",83
"BAJA_69","MiFish","fcd69c7d8db6e82a933cfaa11638f7d54156f607",12
"BAJA_78","MiFish","2c0cb1d17dbc638f055cc6d36a1958284380c20e",444
"BAJA_7","MiFish","2c0cb1d17dbc638f055cc6d36a1958284380c20e",3364
"BAJA_92","MiFish","2c0cb1d17dbc638f055cc6d36a1958284380c20e",531
"BAJA_66","MiFish","2c0cb1d17dbc638f055cc6d36a1958284380c20e",6
"BAJA_77","MiFish","2c0cb1d17dbc638f055cc6d36a1958284380c20e",162
"BAJA_116","MiFish","2c0cb1d17dbc638f055cc6d36a1958284380c20e",97
"BAJA_96","MiFish","2c0cb1d17dbc638f055cc6d36a1958284380c20e",92
"BAJA_80","MiFish","2c0cb1d17dbc638f055cc6d36a1958284380c20e",583
"BAJA_18","MiFish","2c0cb1d17dbc638f055cc6d36a1958284380c20e",711
"BAJA_128","MiFish","2c0cb1d17dbc638f055cc6d36a1958284380c20e",89
"BAJA_17","MiFish","2c0cb1d17dbc638f055cc6d36a1958284380c20e",115
"BAJA_45","MiFish","2c0cb1d17dbc638f055cc6d36a1958284380c20e",1048
"BAJA_3","MiFish","2c0cb1d17dbc638f055cc6d36a1958284380c20e",143
"BAJA_83","MiFish","2c0cb1d17dbc638f055cc6d36a1958284380c20e",193
"BAJA_103","MiFish","2c0cb1d17dbc638f055cc6d36a1958284380c20e",154
"BAJA_79","MiFish","2c0cb1d17dbc638f055cc6d36a1958284380c20e",158
"BAJA_87","MiFish","2c0cb1d17dbc638f055cc6d36a1958284380c20e",506
"BAJA_10","MiFish","2c0cb1d17dbc638f055cc6d36a1958284380c20e",666
"BAJA_9","MiFish","2c0cb1d17dbc638f055cc6d36a1958284380c20e",84
"BAJA_102","MiFish","2c0cb1d17dbc638f055cc6d36a1958284380c20e",108
"BAJA_100","MiFish","2c0cb1d17dbc638f055cc6d36a1958284380c20e",114
"BAJA_95","MiFish","2c0cb1d17dbc638f055cc6d36a1958284380c20e",210
"BAJA_101","MiFish","2c0cb1d17dbc638f055cc6d36a1958284380c20e",416
"BAJA_47","MiFish","2c0cb1d17dbc638f055cc6d36a1958284380c20e",2533
"BAJA_70","MiFish","2c0cb1d17dbc638f055cc6d36a1958284380c20e",326
"BAJA_91","MiFish","2c0cb1d17dbc638f055cc6d36a1958284380c20e",113
"BAJA_69","MiFish","2c0cb1d17dbc638f055cc6d36a1958284380c20e",127
"BAJA_96","MiFish","a1c5223bc5b849f9cebca5c9d1a941449598c33d",102
"BAJA_45","MiFish","a1c5223bc5b849f9cebca5c9d1a941449598c33d",702
"BAJA_116","MiFish","a1c5223bc5b849f9cebca5c9d1a941449598c33d",46
"BAJA_17","MiFish","a1c5223bc5b849f9cebca5c9d1a941449598c33d",71
"BAJA_128","MiFish","a1c5223bc5b849f9cebca5c9d1a941449598c33d",124
"BAJA_110","MiFish","a1c5223bc5b849f9cebca5c9d1a941449598c33d",454
"BAJA_9","MiFish","f576725c9dbb4895f7946c3fbac4d378fa741e6e",116
"BAJA_95","MiFish","f576725c9dbb4895f7946c3fbac4d378fa741e6e",183
"BAJA_70","MiFish","42c5232786fb6d62e0856c25276caf8154ac09c1",8
"BAJA_9","MiFish","55415cc63ff526829c699a4c5000d21af65bfa80",127
"BAJA_75","MiFish","55415cc63ff526829c699a4c5000d21af65bfa80",631
"BAJA_96","MiFish","55415cc63ff526829c699a4c5000d21af65bfa80",138
"BAJA_3","MiFish","55415cc63ff526829c699a4c5000d21af65bfa80",86
"BAJA_132","MiFish","55415cc63ff526829c699a4c5000d21af65bfa80",1638
"BAJA_34","MiFish","55415cc63ff526829c699a4c5000d21af65bfa80",7503
"BAJA_17","MiFish","55415cc63ff526829c699a4c5000d21af65bfa80",113
"BAJA_31","MiFish","55415cc63ff526829c699a4c5000d21af65bfa80",7622
"BAJA_92","MiFish","55415cc63ff526829c699a4c5000d21af65bfa80",1240
"BAJA_36","MiFish","55415cc63ff526829c699a4c5000d21af65bfa80",5921
"BAJA_69","MiFish","55415cc63ff526829c699a4c5000d21af65bfa80",12
"BAJA_117","MiFish","55415cc63ff526829c699a4c5000d21af65bfa80",8084
"BAJA_44","MiFish","55415cc63ff526829c699a4c5000d21af65bfa80",1229
"BAJA_128","MiFish","55415cc63ff526829c699a4c5000d21af65bfa80",440
"BAJA_50","MiFish","55415cc63ff526829c699a4c5000d21af65bfa80",7565
"BAJA_77","MiFish","55415cc63ff526829c699a4c5000d21af65bfa80",181
"BAJA_4","MiFish","55415cc63ff526829c699a4c5000d21af65bfa80",122
"BAJA_16","MiFish","55415cc63ff526829c699a4c5000d21af65bfa80",7646
"BAJA_18","MiFish","55415cc63ff526829c699a4c5000d21af65bfa80",764
"BAJA_52","MiFish","55415cc63ff526829c699a4c5000d21af65bfa80",3592
"BAJA_58","MiFish","55415cc63ff526829c699a4c5000d21af65bfa80",5762
"BAJA_29","MiFish","55415cc63ff526829c699a4c5000d21af65bfa80",3877
"BAJA_12","MiFish","55415cc63ff526829c699a4c5000d21af65bfa80",3820
"BAJA_55","MiFish","55415cc63ff526829c699a4c5000d21af65bfa80",750
"BAJA_103","MiFish","55415cc63ff526829c699a4c5000d21af65bfa80",60
"BAJA_70","MiFish","55415cc63ff526829c699a4c5000d21af65bfa80",220
"BAJA_128","MiFish","1c53a31bd434960905deb818cb4050d264865b0e",25
"BAJA_10","MiFish","6e5b25f7e79ef8ab58a4ed0e87609bf2e7dde81d",31
"BAJA_83","MiFish","3c90b86de41b272cc738de5d76237988a87afb83",166
"BAJA_45","MiFish","3c90b86de41b272cc738de5d76237988a87afb83",10
"BAJA_52","MiFish","3c90b86de41b272cc738de5d76237988a87afb83",114
"BAJA_92","MiFish","902386ca425cb22c5ced4d0bbf7acf5b6a9756b8",291
"BAJA_34","MiFish","07133b0300f3f26d7e37384c85945df274378657",361
"BAJA_69","MiFish","95a3141dfd34c99d59ea421459ed1b01973c3c78",16
"BAJA_70","MiFish","4bbdb96fe9d07f3557f281fd89dfcd859c388415",132
"BAJA_3","MiFish","4bbdb96fe9d07f3557f281fd89dfcd859c388415",24
"BAJA_57","MiFish","1068e0e8d82678adb15303257269e96b38c50db6",2746
"BAJA_57","MiFish","41f26768ba3363ab44d04b358e7f3ac6388cbb21",301
"BAJA_80","MiFish","88176f6d65ddbb9c04efce0612ce81c2af6196bd",686
"BAJA_100","MiFish","0f37d19984d74c79dfc673fce344c55836f65f12",11
"BAJA_4","MiFish","f9ca217089dcd6cb51a3e0c9032646ab6b3cd2ae",85
"BAJA_9","MiFish","33e48faff2ae0ebae634bfd6cc67ced794cbac61",87
"BAJA_89","MiFish","33e48faff2ae0ebae634bfd6cc67ced794cbac61",3583
"BAJA_7","MiFish","33e48faff2ae0ebae634bfd6cc67ced794cbac61",5240
"BAJA_1","MiFish","33e48faff2ae0ebae634bfd6cc67ced794cbac61",1098
"BAJA_13","MiFish","33e48faff2ae0ebae634bfd6cc67ced794cbac61",2296
"BAJA_39","MiFish","33e48faff2ae0ebae634bfd6cc67ced794cbac61",42037
"BAJA_69","MiFish","33e48faff2ae0ebae634bfd6cc67ced794cbac61",3
"BAJA_10","MiFish","33e48faff2ae0ebae634bfd6cc67ced794cbac61",156
"BAJA_4","MiFish","33e48faff2ae0ebae634bfd6cc67ced794cbac61",38
"BAJA_96","MiFish","33e48faff2ae0ebae634bfd6cc67ced794cbac61",97
"BAJA_15","MiFish","33e48faff2ae0ebae634bfd6cc67ced794cbac61",3720
"BAJA_73","MiFish","72bbbf1f49ede0c70518507949be5c01e2178a96",2638
"BAJA_124","MiFish","b7c34d9940e72d6f48be9cf48056a0b0ebe76a6a",1342
"BAJA_86","MiFish","e3ebec479d3ac94f3f0198de0266348a7e7cbe66",670
"BAJA_27","MiFish","aad5d77a0395b4b69707b95ab6f82da8a7786a0c",5573
"BAJA_103","MiFish","aad5d77a0395b4b69707b95ab6f82da8a7786a0c",478
"BAJA_96","MiFish","aad5d77a0395b4b69707b95ab6f82da8a7786a0c",147
"BAJA_85","MiFish","6997bca42f3bc753e313936b3d714e593722cd6b",1070
"BAJA_107","MiFish","6997bca42f3bc753e313936b3d714e593722cd6b",782
"BAJA_110","MiFish","6997bca42f3bc753e313936b3d714e593722cd6b",151
"BAJA_73","MiFish","b71d8ad39d0c1b9f2d33037ecc8c67b888a4656f",2775
"BAJA_65","MiFish","b71d8ad39d0c1b9f2d33037ecc8c67b888a4656f",1969
"BAJA_84","MiFish","b71d8ad39d0c1b9f2d33037ecc8c67b888a4656f",1794
"BAJA_11","MiFish","b71d8ad39d0c1b9f2d33037ecc8c67b888a4656f",1248
"BAJA_63","MiFish","4c30400791a0410c2d75346193aa313921d73616",19
"BAJA_80","MiFish","6965c9d2951a8654f5ebeff2b87ab4eb43e91aec",1344
"BAJA_52","MiFish","6965c9d2951a8654f5ebeff2b87ab4eb43e91aec",402
"BAJA_4","MiFish","be4339781ec51678cd5104ab22c727510f724e05",105
"BAJA_89","MiFish","44ba4b6ec2b244c08d1e38595c673f1f2b5e4ba1",2486
"BAJA_128","MiFish","44ba4b6ec2b244c08d1e38595c673f1f2b5e4ba1",70
"BAJA_35","MiFish","44ba4b6ec2b244c08d1e38595c673f1f2b5e4ba1",6636
"BAJA_96","MiFish","44ba4b6ec2b244c08d1e38595c673f1f2b5e4ba1",233
"BAJA_95","MiFish","44ba4b6ec2b244c08d1e38595c673f1f2b5e4ba1",248
"BAJA_118","MiFish","c17e85f60d87c449841918f2535d409dfca601fe",1684
"BAJA_16","MiFish","c17e85f60d87c449841918f2535d409dfca601fe",15626
"BAJA_46","MiFish","c17e85f60d87c449841918f2535d409dfca601fe",537
"BAJA_10","MiFish","c17e85f60d87c449841918f2535d409dfca601fe",632
"BAJA_93","MiFish","c52ced1b46d8401e46190b3a0a26c1bf1072bb8e",6293
"BAJA_46","MiFish","8e6ba947333450a3d70b0fc789344ca4e8946e9f",691
"BAJA_83","MiFish","8e6ba947333450a3d70b0fc789344ca4e8946e9f",309
"BAJA_49","MiFish","8e6ba947333450a3d70b0fc789344ca4e8946e9f",4871
"BAJA_70","MiFish","3791eb146a5e5b938a2027162db35c24e77b7a19",39
"BAJA_98","MiFish","23f0df1f2157d0e4413629a42bd14209354d2dda",4698
"BAJA_1","MiFish","379edc198530eecc4a3b903665e9bc0a9b61b996",1824
"BAJA_17","MiFish","2d32d4f7adfa6c90a9b087ba5a34137163d24e51",51
"BAJA_92","MiFish","2d32d4f7adfa6c90a9b087ba5a34137163d24e51",1911
"BAJA_96","MiFish","2d32d4f7adfa6c90a9b087ba5a34137163d24e51",1451
"BAJA_10","MiFish","2d32d4f7adfa6c90a9b087ba5a34137163d24e51",4299
"BAJA_55","MiFish","2d32d4f7adfa6c90a9b087ba5a34137163d24e51",1438
"BAJA_9","MiFish","2d32d4f7adfa6c90a9b087ba5a34137163d24e51",1764
"BAJA_46","MiFish","2d32d4f7adfa6c90a9b087ba5a34137163d24e51",429
"BAJA_39","MiFish","2d32d4f7adfa6c90a9b087ba5a34137163d24e51",64842
"BAJA_16","MiFish","2d32d4f7adfa6c90a9b087ba5a34137163d24e51",6570
"BAJA_132","MiFish","2d32d4f7adfa6c90a9b087ba5a34137163d24e51",6520
"BAJA_44","MiFish","2d32d4f7adfa6c90a9b087ba5a34137163d24e51",884
"BAJA_116","MiFish","2d32d4f7adfa6c90a9b087ba5a34137163d24e51",818
"BAJA_128","MiFish","2d32d4f7adfa6c90a9b087ba5a34137163d24e51",2884
"BAJA_38","MiFish","2d32d4f7adfa6c90a9b087ba5a34137163d24e51",4075
"BAJA_47","MiFish","2d32d4f7adfa6c90a9b087ba5a34137163d24e51",4813
"BAJA_110","MiFish","2d32d4f7adfa6c90a9b087ba5a34137163d24e51",207
"BAJA_69","MiFish","2d32d4f7adfa6c90a9b087ba5a34137163d24e51",6
"BAJA_45","MiFish","2d32d4f7adfa6c90a9b087ba5a34137163d24e51",1866
"BAJA_42","MiFish","80db4ba07e01b5a9d6c4cb34a7dae972daa15d2c",3523
"BAJA_116","MiFish","6960be37e6907c19485890f93265bbd20317a874",110
"BAJA_66","MiFish","21cfc07a377bf5bf9bf82c5e772dd796e9c14ef4",2
"BAJA_80","MiFish","06bb8f41dab2628ce24ccf00b138df55dd996ff0",9
"BAJA_128","MiFish","2d4aa6e08cf83fccdb6232078cb07c25058bc2ae",55
"BAJA_9","MiFish","2d4aa6e08cf83fccdb6232078cb07c25058bc2ae",65
"BAJA_92","MiFish","2d4aa6e08cf83fccdb6232078cb07c25058bc2ae",218
"BAJA_10","MiFish","2d4aa6e08cf83fccdb6232078cb07c25058bc2ae",308
"BAJA_106","MiFish","6bacaf0d670de5554989183783d8c3c6d0cff0b9",655
"BAJA_96","MiFish","a2a79f2f0e9ad2e0ef13b4de9ee656822a90c140",928
"BAJA_88","MiFish","a2a79f2f0e9ad2e0ef13b4de9ee656822a90c140",3183
"BAJA_114","MiFish","a2a79f2f0e9ad2e0ef13b4de9ee656822a90c140",514
"BAJA_100","MiFish","a2a79f2f0e9ad2e0ef13b4de9ee656822a90c140",1138
"BAJA_10","MiFish","a2a79f2f0e9ad2e0ef13b4de9ee656822a90c140",3589
"BAJA_60","MiFish","a2a79f2f0e9ad2e0ef13b4de9ee656822a90c140",2135
"BAJA_72","MiFish","a2a79f2f0e9ad2e0ef13b4de9ee656822a90c140",679
"BAJA_30","MiFish","a2a79f2f0e9ad2e0ef13b4de9ee656822a90c140",3093
"BAJA_40","MiFish","a2a79f2f0e9ad2e0ef13b4de9ee656822a90c140",1837
"BAJA_92","MiFish","a2a79f2f0e9ad2e0ef13b4de9ee656822a90c140",1506
"BAJA_133","MiFish","a2a79f2f0e9ad2e0ef13b4de9ee656822a90c140",4852
"BAJA_101","MiFish","a2a79f2f0e9ad2e0ef13b4de9ee656822a90c140",1045
"BAJA_75","MiFish","a2a79f2f0e9ad2e0ef13b4de9ee656822a90c140",662
"BAJA_69","MiFish","a2a79f2f0e9ad2e0ef13b4de9ee656822a90c140",901
"BAJA_39","MiFish","a2a79f2f0e9ad2e0ef13b4de9ee656822a90c140",9545
"BAJA_104","MiFish","a2a79f2f0e9ad2e0ef13b4de9ee656822a90c140",1281
"BAJA_18","MiFish","a2a79f2f0e9ad2e0ef13b4de9ee656822a90c140",7583
"BAJA_73","MiFish","a2a79f2f0e9ad2e0ef13b4de9ee656822a90c140",3596
"BAJA_70","MiFish","a2a79f2f0e9ad2e0ef13b4de9ee656822a90c140",1922
"BAJA_45","MiFish","a2a79f2f0e9ad2e0ef13b4de9ee656822a90c140",1965
"BAJA_128","MiFish","a2a79f2f0e9ad2e0ef13b4de9ee656822a90c140",1837
"BAJA_95","MiFish","a2a79f2f0e9ad2e0ef13b4de9ee656822a90c140",2697
"BAJA_78","MiFish","a2a79f2f0e9ad2e0ef13b4de9ee656822a90c140",1663
"BAJA_130","MiFish","a2a79f2f0e9ad2e0ef13b4de9ee656822a90c140",2370
"BAJA_118","MiFish","a2a79f2f0e9ad2e0ef13b4de9ee656822a90c140",1659
"BAJA_71","MiFish","a2a79f2f0e9ad2e0ef13b4de9ee656822a90c140",651
"BAJA_132","MiFish","a2a79f2f0e9ad2e0ef13b4de9ee656822a90c140",2870
"BAJA_17","MiFish","a2a79f2f0e9ad2e0ef13b4de9ee656822a90c140",1108
"BAJA_46","MiFish","a2a79f2f0e9ad2e0ef13b4de9ee656822a90c140",2016
"BAJA_77","MiFish","a2a79f2f0e9ad2e0ef13b4de9ee656822a90c140",592
"BAJA_111","MiFish","a2a79f2f0e9ad2e0ef13b4de9ee656822a90c140",12869
"BAJA_55","MiFish","a2a79f2f0e9ad2e0ef13b4de9ee656822a90c140",615
"BAJA_66","MiFish","a2a79f2f0e9ad2e0ef13b4de9ee656822a90c140",97
"BAJA_47","MiFish","a2a79f2f0e9ad2e0ef13b4de9ee656822a90c140",3009
"BAJA_79","MiFish","a2a79f2f0e9ad2e0ef13b4de9ee656822a90c140",1334
"BAJA_113","MiFish","a2a79f2f0e9ad2e0ef13b4de9ee656822a90c140",2399
"BAJA_54","MiFish","a2a79f2f0e9ad2e0ef13b4de9ee656822a90c140",4429
"BAJA_8","MiFish","a2a79f2f0e9ad2e0ef13b4de9ee656822a90c140",1135
"BAJA_4","MiFish","a2a79f2f0e9ad2e0ef13b4de9ee656822a90c140",1634
"BAJA_110","MiFish","a2a79f2f0e9ad2e0ef13b4de9ee656822a90c140",1586
"BAJA_102","MiFish","a2a79f2f0e9ad2e0ef13b4de9ee656822a90c140",1074
"BAJA_91","MiFish","a2a79f2f0e9ad2e0ef13b4de9ee656822a90c140",2254
"BAJA_9","MiFish","a2a79f2f0e9ad2e0ef13b4de9ee656822a90c140",2521
"BAJA_35","MiFish","a2a79f2f0e9ad2e0ef13b4de9ee656822a90c140",228
"BAJA_87","MiFish","a2a79f2f0e9ad2e0ef13b4de9ee656822a90c140",2295
"BAJA_116","MiFish","a2a79f2f0e9ad2e0ef13b4de9ee656822a90c140",1400
"BAJA_1","MiFish","a2a79f2f0e9ad2e0ef13b4de9ee656822a90c140",1670
"BAJA_94","MiFish","a2a79f2f0e9ad2e0ef13b4de9ee656822a90c140",1867
"BAJA_83","MiFish","a2a79f2f0e9ad2e0ef13b4de9ee656822a90c140",2202
"BAJA_3","MiFish","a2a79f2f0e9ad2e0ef13b4de9ee656822a90c140",1819
"BAJA_33","MiFish","a2a79f2f0e9ad2e0ef13b4de9ee656822a90c140",32
"BAJA_80","MiFish","a2a79f2f0e9ad2e0ef13b4de9ee656822a90c140",6859
"BAJA_108","MiFish","a2a79f2f0e9ad2e0ef13b4de9ee656822a90c140",1999
"BAJA_7","MiFish","a2a79f2f0e9ad2e0ef13b4de9ee656822a90c140",4394
"BAJA_93","MiFish","a2a79f2f0e9ad2e0ef13b4de9ee656822a90c140",3015
"BAJA_90","MiFish","a2a79f2f0e9ad2e0ef13b4de9ee656822a90c140",799
"BAJA_37","MiFish","a2a79f2f0e9ad2e0ef13b4de9ee656822a90c140",2762
"BAJA_103","MiFish","a2a79f2f0e9ad2e0ef13b4de9ee656822a90c140",1944
"BAJA_35","MiFish","8b721be971a4f3cbce74f531c97f99ec59da001e",1766
"BAJA_96","MiFish","bcc39ab1707c7145854607f046dd05987ee34ad3",108
"BAJA_12","MiFish","01e990192a93cc793aedf148d5e66034af5f599b",163
"BAJA_131","MiFish","15d067a26c9a770d68c2f47cff48c4a88df53dcc",75
"BAJA_119","MiFish","e71271825254fc1cc68a799218e377bcd0e859b5",179
"BAJA_97","MiFish","914c129fb9168cfec7d19fc698196479554b6873",102
"BAJA_50","MiFish","bd60cd22a4d9706f2a40dd5442a3a14f31aa687c",19
"BAJA_9","MiFish","cc740224dde140eeba63e3266bc1251f1a230fba",153
"BAJA_123","MiFish","cc740224dde140eeba63e3266bc1251f1a230fba",824
"BAJA_98","MiFish","cc740224dde140eeba63e3266bc1251f1a230fba",824
"BAJA_86","MiFish","cc740224dde140eeba63e3266bc1251f1a230fba",118
"BAJA_126","MiFish","cc740224dde140eeba63e3266bc1251f1a230fba",994
"BAJA_94","MiFish","cc740224dde140eeba63e3266bc1251f1a230fba",327
"BAJA_13","MiFish","cc740224dde140eeba63e3266bc1251f1a230fba",212
"BAJA_48","MiFish","cc740224dde140eeba63e3266bc1251f1a230fba",1084
"BAJA_103","MiFish","cc740224dde140eeba63e3266bc1251f1a230fba",5
"BAJA_89","MiFish","cc740224dde140eeba63e3266bc1251f1a230fba",2266
"BAJA_118","MiFish","cc740224dde140eeba63e3266bc1251f1a230fba",1429
"BAJA_93","MiFish","cc740224dde140eeba63e3266bc1251f1a230fba",695
"BAJA_12","MiFish","cc740224dde140eeba63e3266bc1251f1a230fba",1001
"BAJA_1","MiFish","cc740224dde140eeba63e3266bc1251f1a230fba",293
"BAJA_127","MiFish","cc740224dde140eeba63e3266bc1251f1a230fba",966
"BAJA_128","MiFish","cc740224dde140eeba63e3266bc1251f1a230fba",157
"BAJA_6","MiFish","cc740224dde140eeba63e3266bc1251f1a230fba",2428
"BAJA_87","MiFish","cc740224dde140eeba63e3266bc1251f1a230fba",129
"BAJA_31","MiFish","cc740224dde140eeba63e3266bc1251f1a230fba",491
"BAJA_121","MiFish","cc740224dde140eeba63e3266bc1251f1a230fba",1726
"BAJA_122","MiFish","cc740224dde140eeba63e3266bc1251f1a230fba",3
"BAJA_113","MiFish","cc740224dde140eeba63e3266bc1251f1a230fba",7
"BAJA_80","MiFish","cc740224dde140eeba63e3266bc1251f1a230fba",2118
"BAJA_50","MiFish","cc740224dde140eeba63e3266bc1251f1a230fba",3821
"BAJA_47","MiFish","cc740224dde140eeba63e3266bc1251f1a230fba",251
"BAJA_42","MiFish","cc740224dde140eeba63e3266bc1251f1a230fba",27
"BAJA_75","MiFish","cc740224dde140eeba63e3266bc1251f1a230fba",209
"BAJA_7","MiFish","cc740224dde140eeba63e3266bc1251f1a230fba",696
"BAJA_85","MiFish","cc740224dde140eeba63e3266bc1251f1a230fba",12
"BAJA_82","MiFish","cc740224dde140eeba63e3266bc1251f1a230fba",3993
"BAJA_117","MiFish","cc740224dde140eeba63e3266bc1251f1a230fba",6797
"BAJA_135","MiFish","cc740224dde140eeba63e3266bc1251f1a230fba",718
"BAJA_77","MiFish","cc740224dde140eeba63e3266bc1251f1a230fba",214
"BAJA_96","MiFish","cc740224dde140eeba63e3266bc1251f1a230fba",31
"BAJA_124","MiFish","cc740224dde140eeba63e3266bc1251f1a230fba",206
"BAJA_69","MiFish","cc740224dde140eeba63e3266bc1251f1a230fba",26
"BAJA_43","MiFish","cc740224dde140eeba63e3266bc1251f1a230fba",18
"BAJA_90","MiFish","cc740224dde140eeba63e3266bc1251f1a230fba",64
"BAJA_119","MiFish","cc740224dde140eeba63e3266bc1251f1a230fba",1377
"BAJA_35","MiFish","cc740224dde140eeba63e3266bc1251f1a230fba",24
"BAJA_114","MiFish","cc740224dde140eeba63e3266bc1251f1a230fba",21
"BAJA_76","MiFish","cc740224dde140eeba63e3266bc1251f1a230fba",744
"BAJA_18","MiFish","cc740224dde140eeba63e3266bc1251f1a230fba",135
"BAJA_88","MiFish","cc740224dde140eeba63e3266bc1251f1a230fba",41
"BAJA_133","MiFish","cc740224dde140eeba63e3266bc1251f1a230fba",858
"BAJA_90","MiFish","d0a1fee8af07595d059c299c7dd530b956f3eef5",91
"BAJA_31","MiFish","d0a1fee8af07595d059c299c7dd530b956f3eef5",662
"BAJA_2","MiFish","d0a1fee8af07595d059c299c7dd530b956f3eef5",498
"BAJA_10","MiFish","19c0ba4ece465fa2be68f3b146f279201ad20b20",779
"BAJA_128","MiFish","19c0ba4ece465fa2be68f3b146f279201ad20b20",156
"BAJA_55","MiFish","19c0ba4ece465fa2be68f3b146f279201ad20b20",676
"BAJA_110","MiFish","19c0ba4ece465fa2be68f3b146f279201ad20b20",295
"BAJA_131","MiFish","db0058830de312e3f4f740c06c54c1c6d141b460",4711
"BAJA_9","MiFish","2476df76c029291d01df6127667d28a5b8f65679",114
"BAJA_43","MiFish","dbd49f4252bcc1f5eee594832c78c78b51554b55",2063
"BAJA_16","MiFish","a62bb8e95eea0ebda2d47cc86414b63905ab1581",770
"BAJA_110","MiFish","25e8531396b00cb9cdd8c87db81331ec1a0ee28e",57
"BAJA_1","MiFish","25e2cbf4828ef526354bb966fdb49c8db42713f3",786
"BAJA_57","MiFish","810387668dd3bab5dddd4b9e530b6853cd57a820",1257
"BAJA_39","MiFish","b5a1bd75511eab54a5045bc13089638c33554a24",27
"BAJA_127","MiFish","3f0502d75f96b027ba306ad05ceae470d41541b2",2781
"BAJA_39","MiFish","3f0502d75f96b027ba306ad05ceae470d41541b2",56767
"BAJA_124","MiFish","3f0502d75f96b027ba306ad05ceae470d41541b2",2474
"BAJA_48","MiFish","3f0502d75f96b027ba306ad05ceae470d41541b2",5718
"BAJA_123","MiFish","3f0502d75f96b027ba306ad05ceae470d41541b2",2839
"BAJA_4","MiFish","3f0502d75f96b027ba306ad05ceae470d41541b2",116
"BAJA_2","MiFish","3f0502d75f96b027ba306ad05ceae470d41541b2",15379
"BAJA_43","MiFish","3f0502d75f96b027ba306ad05ceae470d41541b2",3414
"BAJA_90","MiFish","3c40a381fd351f60066b59489cc3b61cb3e952fd",166
"BAJA_13","MiFish","b8afcc558a68503de7d18504c0395aa213c4f802",426
"BAJA_103","MiFish","8c2472c35da6644b8c0e6cab932d521d8ed481df",905
"BAJA_52","MiFish","8c2472c35da6644b8c0e6cab932d521d8ed481df",488
"BAJA_63","MiFish","76acb74e1bb6eb1d757f7abe202f811a271c8ab6",490
"BAJA_16","MiFish","09b68d2491c0edd6237089aaa018888106c89f56",10258
"BAJA_13","MiFish","09b68d2491c0edd6237089aaa018888106c89f56",612
"BAJA_52","MiFish","d56ac6282a1e9cd44341c73e20a3e3f8cce357a2",253
"BAJA_123","MiFish","8b38238be09c59fe487b7de133d8b640a87d9eba",2134
"BAJA_132","MiFish","d6ea706dc5038909e59dc1eceaa897d4f1d8906e",13
"BAJA_78","MiFish","38f7289e36598e8a14e865b18fd337e2414bbca6",128
"BAJA_110","MiFish","6c10b5899bba357b017747ab42656440e6bd11e6",6
"BAJA_16","MiFish","71af3877e5027588b85b33c8f9610503cdf2af74",474
"BAJA_118","MiFish","71af3877e5027588b85b33c8f9610503cdf2af74",221
"BAJA_69","MiFish","795129d388599bd8e6276ce200f036ab5011519e",12
"BAJA_16","MiFish","795129d388599bd8e6276ce200f036ab5011519e",8916
"BAJA_70","MiFish","ba37e61f90251df977e50e2d180bf9d8cb1356c0",112
"BAJA_80","MiFish","781ee1d887334ad61794d8fab4a73b6f81000eb6",363
"BAJA_52","MiFish","4908d9a095432fcb3f3348f68d70aa82f7579eec",212
"BAJA_60","MiFish","3010777da396f81e9a72f9f598f86c36364b3199",396
"BAJA_132","MiFish","3010777da396f81e9a72f9f598f86c36364b3199",1220
"BAJA_60","MiFish","d9d67fc59d21edef07ece16dad771c2cda7cec9b",359
"BAJA_118","MiFish","75ab45c594dc8d126652883d8b713f4de9782369",55
"BAJA_28","MiFish","abd31a4d4e1434169e1bb6a57dae5d2fc270c9e0",3893
"BAJA_3","MiFish","abd31a4d4e1434169e1bb6a57dae5d2fc270c9e0",69
"BAJA_112","MiFish","abd31a4d4e1434169e1bb6a57dae5d2fc270c9e0",3076
"BAJA_69","MiFish","abd31a4d4e1434169e1bb6a57dae5d2fc270c9e0",6
"BAJA_90","MiFish","c0384ad94af9133bfca8aeb65fb8fd92fb24e4e6",109
"BAJA_29","MiFish","c0384ad94af9133bfca8aeb65fb8fd92fb24e4e6",4263
"BAJA_128","MiFish","c0384ad94af9133bfca8aeb65fb8fd92fb24e4e6",42
"BAJA_16","MiFish","c0384ad94af9133bfca8aeb65fb8fd92fb24e4e6",8473
"BAJA_75","MiFish","c0384ad94af9133bfca8aeb65fb8fd92fb24e4e6",704
"BAJA_79","MiFish","c0384ad94af9133bfca8aeb65fb8fd92fb24e4e6",326
"BAJA_73","MiFish","c0384ad94af9133bfca8aeb65fb8fd92fb24e4e6",2321
"BAJA_9","MiFish","c0384ad94af9133bfca8aeb65fb8fd92fb24e4e6",339
"BAJA_4","MiFish","c0384ad94af9133bfca8aeb65fb8fd92fb24e4e6",83
"BAJA_95","MiFish","c0384ad94af9133bfca8aeb65fb8fd92fb24e4e6",281
"BAJA_69","MiFish","c0384ad94af9133bfca8aeb65fb8fd92fb24e4e6",63
"BAJA_91","MiFish","c0384ad94af9133bfca8aeb65fb8fd92fb24e4e6",211
"BAJA_103","MiFish","c0384ad94af9133bfca8aeb65fb8fd92fb24e4e6",80
"BAJA_14","MiFish","c0384ad94af9133bfca8aeb65fb8fd92fb24e4e6",9088
"BAJA_17","MiFish","c0384ad94af9133bfca8aeb65fb8fd92fb24e4e6",181
"BAJA_102","MiFish","c0384ad94af9133bfca8aeb65fb8fd92fb24e4e6",87
"BAJA_80","MiFish","c0384ad94af9133bfca8aeb65fb8fd92fb24e4e6",732
"BAJA_83","MiFish","c0384ad94af9133bfca8aeb65fb8fd92fb24e4e6",628
"BAJA_128","MiFish","ff6c68658d1a04a6161acfb41e45ea9183cc4ca3",28
"BAJA_1","MiFish","aa59062aed8d764a52ead5c2293d4950002d5bca",4085
"BAJA_53","MiFish","aa59062aed8d764a52ead5c2293d4950002d5bca",23701
"BAJA_133","MiFish","aa59062aed8d764a52ead5c2293d4950002d5bca",4733
"BAJA_88","MiFish","aa59062aed8d764a52ead5c2293d4950002d5bca",1031
"BAJA_92","MiFish","aa59062aed8d764a52ead5c2293d4950002d5bca",409
"BAJA_132","MiFish","aa59062aed8d764a52ead5c2293d4950002d5bca",5444
"BAJA_103","MiFish","aa59062aed8d764a52ead5c2293d4950002d5bca",388
"BAJA_4","MiFish","aa59062aed8d764a52ead5c2293d4950002d5bca",856
"BAJA_90","MiFish","aa59062aed8d764a52ead5c2293d4950002d5bca",662
"BAJA_55","MiFish","aa59062aed8d764a52ead5c2293d4950002d5bca",1130
"BAJA_70","MiFish","aa59062aed8d764a52ead5c2293d4950002d5bca",533
"BAJA_127","MiFish","aa59062aed8d764a52ead5c2293d4950002d5bca",2603
"BAJA_113","MiFish","aa59062aed8d764a52ead5c2293d4950002d5bca",4246
"BAJA_89","MiFish","aa59062aed8d764a52ead5c2293d4950002d5bca",8057
"BAJA_10","MiFish","aa59062aed8d764a52ead5c2293d4950002d5bca",1849
"BAJA_18","MiFish","aa59062aed8d764a52ead5c2293d4950002d5bca",2313
"BAJA_110","MiFish","aa59062aed8d764a52ead5c2293d4950002d5bca",648
"BAJA_2","MiFish","aa59062aed8d764a52ead5c2293d4950002d5bca",4742
"BAJA_60","MiFish","aa59062aed8d764a52ead5c2293d4950002d5bca",1546
"BAJA_43","MiFish","aa59062aed8d764a52ead5c2293d4950002d5bca",3856
"BAJA_131","MiFish","aa59062aed8d764a52ead5c2293d4950002d5bca",11887
"BAJA_95","MiFish","aa59062aed8d764a52ead5c2293d4950002d5bca",618
"BAJA_94","MiFish","aa59062aed8d764a52ead5c2293d4950002d5bca",687
"BAJA_128","MiFish","aa59062aed8d764a52ead5c2293d4950002d5bca",1930
"BAJA_71","MiFish","aa59062aed8d764a52ead5c2293d4950002d5bca",259
"BAJA_42","MiFish","aa59062aed8d764a52ead5c2293d4950002d5bca",6463
"BAJA_56","MiFish","aa59062aed8d764a52ead5c2293d4950002d5bca",2025
"BAJA_3","MiFish","aa59062aed8d764a52ead5c2293d4950002d5bca",1003
"BAJA_44","MiFish","aa59062aed8d764a52ead5c2293d4950002d5bca",1932
"BAJA_123","MiFish","aa59062aed8d764a52ead5c2293d4950002d5bca",2418
"BAJA_83","MiFish","aa59062aed8d764a52ead5c2293d4950002d5bca",879
"BAJA_17","MiFish","aa59062aed8d764a52ead5c2293d4950002d5bca",510
"BAJA_19","MiFish","aa59062aed8d764a52ead5c2293d4950002d5bca",7197
"BAJA_100","MiFish","aa59062aed8d764a52ead5c2293d4950002d5bca",794
"BAJA_32","MiFish","aa59062aed8d764a52ead5c2293d4950002d5bca",7471
"BAJA_72","MiFish","aa59062aed8d764a52ead5c2293d4950002d5bca",631
"BAJA_21","MiFish","aa59062aed8d764a52ead5c2293d4950002d5bca",13545
"BAJA_97","MiFish","aa59062aed8d764a52ead5c2293d4950002d5bca",3964
"BAJA_124","MiFish","aa59062aed8d764a52ead5c2293d4950002d5bca",2690
"BAJA_79","MiFish","aa59062aed8d764a52ead5c2293d4950002d5bca",430
"BAJA_35","MiFish","aa59062aed8d764a52ead5c2293d4950002d5bca",2238
"BAJA_78","MiFish","aa59062aed8d764a52ead5c2293d4950002d5bca",619
"BAJA_6","MiFish","aa59062aed8d764a52ead5c2293d4950002d5bca",36383
"BAJA_66","MiFish","aa59062aed8d764a52ead5c2293d4950002d5bca",26
"BAJA_31","MiFish","aa59062aed8d764a52ead5c2293d4950002d5bca",6068
"BAJA_7","MiFish","aa59062aed8d764a52ead5c2293d4950002d5bca",3252
"BAJA_45","MiFish","aa59062aed8d764a52ead5c2293d4950002d5bca",1617
"BAJA_96","MiFish","aa59062aed8d764a52ead5c2293d4950002d5bca",1943
"BAJA_46","MiFish","aa59062aed8d764a52ead5c2293d4950002d5bca",997
"BAJA_116","MiFish","aa59062aed8d764a52ead5c2293d4950002d5bca",341
"BAJA_69","MiFish","aa59062aed8d764a52ead5c2293d4950002d5bca",373
"BAJA_9","MiFish","aa59062aed8d764a52ead5c2293d4950002d5bca",1615
"BAJA_118","MiFish","aa59062aed8d764a52ead5c2293d4950002d5bca",3388
"BAJA_102","MiFish","aa59062aed8d764a52ead5c2293d4950002d5bca",486
"BAJA_87","MiFish","aa59062aed8d764a52ead5c2293d4950002d5bca",1410
"BAJA_77","MiFish","aa59062aed8d764a52ead5c2293d4950002d5bca",234
"BAJA_91","MiFish","aa59062aed8d764a52ead5c2293d4950002d5bca",385
"BAJA_101","MiFish","aa59062aed8d764a52ead5c2293d4950002d5bca",199
"BAJA_80","MiFish","aa59062aed8d764a52ead5c2293d4950002d5bca",3090
"BAJA_33","MiFish","aa59062aed8d764a52ead5c2293d4950002d5bca",5547
"BAJA_103","MiFish","83ad4f6ad3af3091280d39d5561fe851b8807b8e",2
"BAJA_3","MiFish","03996de5572e82192df912cec45cfbcb40b3eb0e",5
"BAJA_1","MiFish","9ab72521fc8bce88f698fea7aee0d1538277a98b",52
"BAJA_13","MiFish","31907b3fe9b99d65656ee72d7d600ad372762b63",1224
"BAJA_103","MiFish","31907b3fe9b99d65656ee72d7d600ad372762b63",97
"BAJA_106","MiFish","31907b3fe9b99d65656ee72d7d600ad372762b63",1382
"BAJA_1","MiFish","31907b3fe9b99d65656ee72d7d600ad372762b63",1366
"BAJA_10","MiFish","194fabcbf671bf16b2837ef3bf5de2ed16800b59",752
"BAJA_128","MiFish","194fabcbf671bf16b2837ef3bf5de2ed16800b59",42
"BAJA_57","MiFish","4488b561af1b651a2c4500300bbe2e4e047d2825",1061
